CHROM,Start,End,Gene,WES,ECS,INF,ECS680,Paralogous
chr1,948877,949920,ISG15,1,0,0,0,0
chr1,955500,991496,AGRN,1,0,0,0,0
chr1,1146720,1149533,TNFRSF4,1,0,0,0,0
chr1,1167617,1170421,B3GALT6,1,0,0,0,0
chr1,1270658,1284798,DVL1,1,0,0,0,0
chr1,1447542,1470065,ATAD3A,1,0,0,0,1
chr1,1470158,1476004,TMEM240,1,0,0,0,0
chr1,1716725,1822526,GNB1,1,0,0,0,0
chr1,1950784,1962197,GABRD,1,0,0,0,0
chr1,2159758,2241652,SKI,1,0,0,0,0
chr1,2335413,2345266,PEX10,1,0,0,1,0
chr1,2985767,3355185,PRDM16,1,0,0,0,0
chr1,3689313,3692520,SMIM1,1,0,0,0,0
chr1,3728650,3773775,CEP104,1,0,0,1,0
chr1,5922871,6052485,NPHP4,1,0,0,1,0
chr1,6484836,6521004,ESPN,1,0,0,0,1
chr1,6527182,6580152,PLEKHG5,1,0,0,1,0
chr1,6845514,7829766,CAMTA1,1,0,0,0,0
chr1,7844351,7905237,PER3,1,0,0,0,0
chr1,8021771,8045565,PARK7,1,0,0,0,0
chr1,8378174,8404225,SLC45A1,1,0,0,0,0
chr1,8412464,8877699,RERE,1,0,0,0,0
chr1,8921059,8938745,ENO1,1,0,0,0,0
chr1,9294833,9331396,H6PD,1,0,0,0,0
chr1,9711789,9789172,PIK3CD,1,0,0,0,0
chr1,10002981,10045556,NMNAT1,1,0,0,0,1
chr1,10270628,10441661,KIF1B,1,0,0,0,0
chr1,10535007,10690815,PEX14,1,0,0,0,0
chr1,11072711,11085549,TARDBP,1,0,0,0,1
chr1,11086580,11107296,MASP2,1,0,0,0,0
chr1,11166592,11322608,MTOR,1,0,0,0,0
chr1,11333255,11359631,UBIAD1,1,0,0,0,0
chr1,11734537,11751616,MAD2L2,1,0,0,0,0
chr1,11845780,11866021,MTHFR,1,0,0,1,0
chr1,11866248,11903187,CLCN6,1,0,0,0,0
chr1,11905766,11907840,NPPA,1,0,0,0,0
chr1,11994774,12035594,PLOD1,1,0,0,1,0
chr1,12040501,12073565,MFN2,1,0,0,0,0
chr1,12290087,12572099,VPS13D,1,0,0,0,0
chr1,15764939,15775737,CTRC,1,0,0,0,0
chr1,15783227,15798586,CELA2A,1,0,0,0,1
chr1,16348531,16360545,CLCNKA,1,0,0,0,0
chr1,16370277,16383821,CLCNKB,1,0,0,0,0
chr1,16450832,16482564,EPHA2,1,0,0,0,0
chr1,17312453,17338423,ATP13A2,1,0,0,0,0
chr1,17345217,17380527,SDHB,1,0,0,0,0
chr1,17575593,17610728,PADI3,1,0,0,0,0
chr1,17634692,17690499,PADI4,1,0,0,0,0
chr1,17698691,17728195,PADI6,1,0,0,0,0
chr1,18957340,19075360,PAX7,1,0,0,0,0
chr1,19197924,19229049,ALDH4A1,1,0,0,0,0
chr1,19542154,19578018,EMC1,1,0,0,0,0
chr1,20301924,20306927,PLA2G2A,1,0,0,0,0
chr1,20396687,20418404,PLA2G5,1,0,0,0,0
chr1,20959951,20978004,PINK1,1,0,0,0,0
chr1,20978270,20987862,DDOST,1,0,0,0,0
chr1,21543743,21671997,ECE1,1,0,0,0,0
chr1,21835477,21904903,ALPL,1,1,0,1,0
chr1,22148737,22263803,HSPG2,1,0,0,0,0
chr1,22379202,22427853,CDC42,1,0,0,0,0
chr1,22443806,22469590,WNT4,1,0,0,0,0
chr1,22962956,22966171,C1QA,1,0,0,0,0
chr1,22970126,22974601,C1QC,1,0,0,0,0
chr1,22979729,22988130,C1QB,1,0,0,0,0
chr1,23037331,23247993,EPHB2,1,0,0,0,0
chr1,23345961,23410182,KDM1A,1,0,0,0,0
chr1,24018269,24023325,RPL11,1,0,0,0,0
chr1,24122089,24127244,GALE,1,0,0,1,0
chr1,24128375,24151919,HMGCL,1,0,0,1,0
chr1,24171567,24194780,FUCA1,1,0,0,1,1
chr1,24645847,24690972,GRHL3,1,0,0,0,0
chr1,25598977,25656936,RHD,1,0,0,0,1
chr1,25688740,25747426,RHCE,1,0,0,0,1
chr1,25870097,25895377,LDLRAP1,1,1,0,1,0
chr1,26126684,26144712,SELENON,1,0,0,0,0
chr1,26363743,26372609,SLC30A2,1,0,0,0,0
chr1,26758812,26797797,DHDDS,1,1,0,1,0
chr1,27022506,27108595,ARID1A,1,0,0,0,0
chr1,27113545,27127150,PIGV,1,0,0,0,0
chr1,27237980,27240466,NR0B2,1,0,0,0,0
chr1,27276053,27286959,KDF1,1,0,0,0,0
chr1,27425300,27481616,SLC9A1,1,0,0,0,0
chr1,27695601,27701315,FCN3,1,0,0,0,0
chr1,27860756,27930655,AHDC1,1,0,0,0,0
chr1,29213612,29446553,EPB41,1,0,0,0,0
chr1,29519169,29557446,MECR,1,0,0,1,0
chr1,31342313,31381605,SDC3,1,0,0,0,0
chr1,31404353,31538564,PUM1,1,0,0,0,0
chr1,32666196,32670988,CCDC28B,1,0,0,0,0
chr1,32716866,32751766,LCK,1,0,0,0,0
chr1,33240840,33282959,YARS1,1,0,0,0,0
chr1,33352092,33360247,HPCA,1,0,0,0,0
chr1,33473541,33502484,AK2,1,0,0,0,1
chr1,35225341,35227928,GJB4,1,0,0,0,0
chr1,35246815,35251965,GJB3,1,1,0,0,0
chr1,36554493,36559533,ADPRS,1,0,0,0,0
chr1,36560840,36590823,COL8A2,1,0,0,0,0
chr1,36931644,36948915,CSF3R,1,0,0,0,0
chr1,38000050,38019894,SNIP1,1,0,0,0,0
chr1,38076951,38100564,RSPO1,1,0,0,0,0
chr1,39549839,39952810,MACF1,1,0,0,0,0
chr1,40303782,40349183,TRIT1,1,0,0,0,0
chr1,40420817,40435628,MFSD2A,1,0,0,0,0
chr1,40537133,40562924,PPT1,1,0,0,1,1
chr1,40723908,40759852,ZMPSTE24,1,0,0,0,0
chr1,40766161,40782958,COL9A2,1,0,0,0,0
chr1,41249459,41306124,KCNQ4,1,0,0,0,0
chr1,41445368,41478237,CTPS1,1,0,0,0,0
chr1,42922012,42939088,PPCS,1,0,0,0,0
chr1,43198764,43205907,CLDN19,1,0,0,0,0
chr1,43212045,43232699,P3H1,1,0,0,1,0
chr1,43272723,43283068,SVBP,1,0,0,0,0
chr1,43282793,43310662,ERMAP,1,0,0,0,0
chr1,43391024,43424539,SLC2A1,1,0,0,0,0
chr1,43803489,43820137,MPL,1,1,0,1,0
chr1,43829072,43833682,ELOVL1,1,0,0,0,1
chr1,43855570,43919918,SZT2,1,0,0,0,0
chr1,43991708,44089337,PTPRF,1,0,0,0,0
chr1,44173207,44396831,ST3GAL3,1,0,0,0,1
chr1,44462155,44497134,SLC6A9,1,0,0,0,0
chr1,45285517,45308925,PTCH2,1,0,0,0,0
chr1,45316194,45452267,EIF2B3,1,0,0,1,0
chr1,45477926,45481247,UROD,1,0,0,0,0
chr1,45792567,45794382,HPDL,1,0,0,0,0
chr1,45794914,45806112,MUTYH,1,0,0,0,0
chr1,45805842,45809645,TOE1,1,0,0,0,0
chr1,45965972,45979054,MMACHC,1,1,0,1,1
chr1,45976723,45988562,PRDX1,1,0,0,1,1
chr1,46654355,46685977,POMGNT1,1,1,0,1,0
chr1,46713360,46744145,RAD54L,1,0,0,0,0
chr1,46859989,46879517,FAAH,1,0,0,0,1
chr1,47681962,47698007,TAL1,1,0,0,0,0
chr1,47715811,47780568,STIL,1,0,0,0,0
chr1,47881957,47883724,FOXE3,1,0,0,0,0
chr1,52838501,52870095,ORC1,1,0,0,0,0
chr1,53150121,53164019,COA7,1,0,0,0,0
chr1,53392948,53517370,SCP2,1,0,0,0,0
chr1,53662496,53679869,CPT2,1,1,0,1,0
chr1,53708036,53793742,LRP8,1,0,0,0,0
chr1,55222571,55230196,PARS2,1,0,0,0,0
chr1,55315300,55352868,DHCR24,1,0,0,0,0
chr1,55464606,55482845,BSND,1,0,0,1,0
chr1,55505221,55530525,PCSK9,1,0,0,0,0
chr1,57320470,57383896,C8A,1,0,0,0,0
chr1,57394880,57431688,C8B,1,0,0,0,0
chr1,57460451,59012398,DAB1,1,0,0,0,0
chr1,59041105,59042924,TACSTD2,1,0,0,0,0
chr1,59120415,59165734,MYSM1,1,0,0,0,0
chr1,61542899,61928460,NFIA,1,0,0,0,0
chr1,62920397,63154057,DOCK7,1,0,0,0,0
chr1,63063191,63071984,ANGPTL3,1,0,0,0,0
chr1,63788238,63790799,FOXD3,1,0,0,0,0
chr1,63833298,63904224,ALG6,1,0,0,1,0
chr1,64059082,64125916,PGM1,1,0,0,0,0
chr1,64239688,64647181,ROR1,1,0,0,0,0
chr1,65298912,65533429,JAK1,1,0,0,0,0
chr1,65730432,65881554,DNAJC6,1,0,0,0,0
chr1,65886335,66107242,LEPR,1,0,0,0,0
chr1,67465033,67519831,SLC35D1,1,0,0,0,0
chr1,67632137,67725662,IL23R,1,0,0,0,0
chr1,68894505,68915637,RPE65,1,0,0,1,0
chr1,70876951,70905534,CTH,1,0,0,0,0
chr1,74701071,75010112,TNNI3K,1,0,0,0,0
chr1,76190394,76229364,ACADM,1,1,0,1,1
chr1,77554674,77685115,PIGK,1,0,0,0,0
chr1,78354309,78409580,NEXN,1,0,0,0,0
chr1,84543762,84704181,PRKACB,1,0,0,0,0
chr1,84830641,84850484,UOX,1,0,0,0,0
chr1,85731459,85742315,BCL10,1,0,0,0,0
chr1,87380318,87575665,HS2ST1,1,0,0,0,0
chr1,91380861,91487592,ZNF644,1,0,0,0,0
chr1,91726323,91870394,HFM1,1,0,0,0,1
chr1,92414928,92479985,BRDT,1,0,0,0,1
chr1,92711959,92764544,GLMN,1,0,0,0,0
chr1,92938600,92952482,GFI1,1,0,0,0,0
chr1,93297543,93307481,RPL5,1,0,0,0,0
chr1,94350755,94374986,GCLM,1,0,0,0,0
chr1,94458390,94586704,ABCA4,1,0,0,1,0
chr1,94883945,94984219,ABCD3,1,0,0,0,0
chr1,95439961,95538507,ALG14,1,0,0,0,0
chr1,97543299,98386615,DPYD,1,0,0,1,0
chr1,100315917,100389576,AGL,1,1,0,1,0
chr1,100435552,100501190,SLC35A3,1,0,0,1,0
chr1,100549126,100598486,SASS6,1,0,0,0,0
chr1,100652475,100715390,DBT,1,1,0,1,1
chr1,100810557,100985833,CDC14A,1,0,0,0,0
chr1,101003695,101007577,GPR88,1,0,0,0,0
chr1,103342029,103574078,COL11A1,1,0,0,0,0
chr1,104068321,104097861,RNPC3,1,0,0,0,0
chr1,108676665,108742965,SLC25A24,1,0,0,0,1
chr1,109419607,109477167,GPSM2,1,0,0,0,0
chr1,109472127,109506106,CLCC1,1,0,0,0,0
chr1,109606762,109618625,TAF13,1,0,0,0,1
chr1,109756515,109780804,SARS1,1,0,0,0,0
chr1,109852197,109940540,SORT1,1,0,0,0,0
chr1,110091237,110142817,GNAI3,1,0,0,0,0
chr1,110145713,110162238,GNAT2,1,0,0,0,0
chr1,110162459,110174677,AMPD2,1,0,0,0,0
chr1,110292702,110306545,EPS8L3,1,0,0,0,0
chr1,110602492,110613294,ALX3,1,0,0,0,0
chr1,110693116,110744824,SLC6A17,1,0,0,0,0
chr1,110881999,110889299,RBM15,1,0,0,0,0
chr1,111136202,111174062,KCNA2,1,0,0,0,0
chr1,111659785,111682715,DRAM2,1,0,0,0,0
chr1,112313284,112532290,KCND3,1,0,0,0,0
chr1,113009163,113072787,WNT2B,1,0,0,0,0
chr1,113454469,113498818,SLC16A1,1,0,0,0,1
chr1,113615820,113674882,LRIG2,1,0,0,0,0
chr1,114356433,114414334,PTPN22,1,0,0,0,0
chr1,114436816,114447650,AP4B1,1,0,0,0,0
chr1,115215719,115238167,AMPD1,1,0,0,0,0
chr1,115247090,115259392,NRAS,1,0,0,0,0
chr1,115572447,115576930,TSHB,1,0,0,1,0
chr1,115828538,115880870,NGF,1,0,0,0,0
chr1,116184591,116240842,VANGL1,1,0,0,0,0
chr1,116242642,116311335,CASQ2,1,0,0,1,0
chr1,116915866,116947396,ATP1A1,1,0,0,0,0
chr1,117117020,117210377,IGSF3,1,0,0,0,1
chr1,118406107,118472244,GDAP2,1,0,0,0,0
chr1,119425670,119532133,TBX15,1,0,0,0,0
chr1,119573839,119683295,WARS2,1,0,0,0,0
chr1,119957554,119965657,HSD3B2,1,0,0,1,0
chr1,120254557,120286838,PHGDH,1,0,0,1,0
chr1,120290619,120311555,HMGCS2,1,0,0,0,0
chr1,120454176,120612276,NOTCH2,1,0,0,0,1
chr1,145209124,145289312,NOTCH2NLC,1,0,0,0,0
chr1,145413278,145417543,HJV,1,1,0,1,0
chr1,145507609,145513536,RBM8A,1,0,0,0,1
chr1,145516372,145523732,PEX11B,1,0,0,0,0
chr1,147228332,147245455,GJA5,1,0,0,0,0
chr1,147374921,147381396,GJA8,1,0,0,0,0
chr1,149754250,149772165,FCGR1A,1,0,0,0,1
chr1,149895209,149899695,SF3B4,1,0,0,0,0
chr1,150039439,150117507,VPS45,1,0,0,1,0
chr1,150293917,150325709,PRPF3,1,0,0,0,0
chr1,150459895,150480078,TARS2,1,0,0,0,1
chr1,150480585,150486265,ECM1,1,0,0,0,0
chr1,150521884,150533413,ADAMTSL4,1,0,0,1,0
chr1,150768684,150780736,CTSK,1,0,0,1,0
chr1,150980925,151008189,PRUNE1,1,0,0,0,0
chr1,151253998,151264652,ZNF687,1,0,0,0,0
chr1,151313116,151319728,RFX5,1,0,0,0,0
chr1,151336780,151345181,SELENBP1,1,0,0,0,0
chr1,151372049,151374413,PSMB4,1,0,0,0,0
chr1,151375200,151431970,POGZ,1,0,0,0,0
chr1,151778547,151804278,RORC,1,0,0,0,0
chr1,152078793,152087920,TCHH,1,0,0,0,1
chr1,152274641,152297715,FLG,1,0,0,0,1
chr1,152321211,152332482,FLG2,1,0,0,0,1
chr1,153232163,153234600,LORICRIN,1,0,0,0,0
chr1,153777201,153895448,GATAD2B,1,0,0,0,0
chr1,153963238,153964631,RPS27,1,0,0,0,0
chr1,154127784,154164576,TPM3,1,0,0,0,1
chr1,154245105,154248351,HAX1,1,0,0,1,0
chr1,154377819,154441926,IL6R,1,0,0,0,1
chr1,154540254,154552489,CHRNB2,1,0,0,0,0
chr1,154554533,154600473,ADAR,1,0,0,1,0
chr1,154669931,154842757,KCNN3,1,0,0,0,0
chr1,154897216,154915134,PMVK,1,0,0,0,0
chr1,154955820,154965587,FLAD1,1,0,0,0,0
chr1,155112367,155113007,DPM3,1,0,0,0,0
chr1,155158300,155162706,MUC1,1,0,0,0,0
chr1,155204243,155214418,GBA,1,1,0,1,1
chr1,155259084,155271229,PKLR,1,0,0,0,0
chr1,155278657,155290456,FDPS,1,0,0,0,0
chr1,155305059,155532594,ASH1L,1,0,0,0,0
chr1,155579961,155584758,MSTO1,1,0,0,0,1
chr1,155629233,155658787,YY1AP1,1,0,0,0,1
chr1,155867599,155881140,RIT1,1,0,0,0,0
chr1,155916645,155949408,ARHGEF2,1,0,0,0,0
chr1,156024573,156028297,LAMTOR2,1,0,0,0,0
chr1,156052364,156109872,LMNA,1,0,0,0,0
chr1,156119735,156147535,SEMA4A,1,0,0,0,0
chr1,156561568,156564091,NAXE,1,0,0,0,0
chr1,156737327,156770607,PRCC,1,0,0,0,0
chr1,156785542,156851642,NTRK1,1,0,0,1,0
chr1,158580494,158656505,SPTA1,1,0,0,0,0
chr1,159174665,159176290,ACKR1,1,0,0,0,0
chr1,159557616,159558655,APCS,1,0,0,0,0
chr1,159994743,160001780,PIGM,1,0,0,0,0
chr1,160007257,160039950,KCNJ10,1,0,0,0,0
chr1,160085549,160113381,ATP1A2,1,0,0,0,0
chr1,160160365,160171676,CASQ1,1,0,0,0,0
chr1,160185510,160232339,DCAF8,1,0,0,0,0
chr1,160246597,160254941,PEX19,1,0,0,0,0
chr1,160258384,160313040,COPA,1,0,0,0,0
chr1,160313173,160328739,NCSTN,1,0,0,0,1
chr1,160370354,160398460,VANGL2,1,0,0,0,0
chr1,160799950,160832677,CD244,1,0,0,0,0
chr1,161009041,161015767,USF1,1,0,0,0,1
chr1,161040788,161059348,NECTIN4,1,0,0,0,0
chr1,161123768,161128646,UFC1,1,0,0,0,0
chr1,161136216,161141010,PPOX,1,0,0,0,0
chr1,161167207,161184185,NDUFS2,1,0,0,0,0
chr1,161192082,161193418,APOA2,1,0,0,0,0
chr1,161274525,161279758,MPZ,1,0,0,0,0
chr1,161284171,161332996,SDHC,1,0,0,0,1
chr1,161475247,161489619,FCGR2A,1,0,0,0,1
chr1,161511549,161520527,FCGR3A,1,0,0,0,1
chr1,161617033,161648444,FCGR2B,1,0,0,0,1
chr1,161736110,161933860,ATF6,1,0,0,0,0
chr1,162039481,162340265,NOS1AP,1,0,0,0,0
chr1,162600653,162757195,DDR2,1,0,0,0,0
chr1,163112089,163291525,RGS5,1,0,0,0,0
chr1,164528421,164855284,PBX1,1,0,0,0,0
chr1,165171104,165325952,LMX1A,1,0,0,0,0
chr1,165693528,165738159,TMCO1,1,0,0,0,0
chr1,167399877,167487766,CD247,1,0,0,0,0
chr1,167778623,167883372,ADCY10,1,0,0,0,1
chr1,168250115,168283664,TBX19,1,0,0,0,0
chr1,169075928,169101957,ATP1B1,1,0,0,0,1
chr1,169433147,169455208,SLC19A2,1,0,0,1,0
chr1,169481189,169555719,F5,1,0,1,1,0
chr1,170501307,170522975,GORAB,1,0,0,1,0
chr1,170633272,170708562,PRRX1,1,0,0,0,0
chr1,171060046,171086959,FMO3,1,1,0,1,0
chr1,171604557,171621828,MYOC,1,0,0,0,0
chr1,171750800,171766856,METTL13,1,0,0,0,0
chr1,172410597,172413209,PIGC,1,0,0,0,0
chr1,172628243,172636016,FASLG,1,0,0,0,0
chr1,173152870,173176470,TNFSF4,1,0,0,0,0
chr1,173793811,173827684,DARS2,1,0,0,0,0
chr1,173872938,173886465,SERPINC1,1,0,1,0,0
chr1,173900222,173991495,RC3H1,1,0,0,0,0
chr1,174982094,174992561,MRPS14,1,0,0,0,0
chr1,179519674,179545083,NPHS2,1,1,0,1,0
chr1,179851420,179889211,TOR1AIP1,1,0,0,0,0
chr1,180199399,180248119,LHX4,1,0,0,0,0
chr1,180601158,180859415,XPR1,1,0,0,0,0
chr1,181452653,181777219,CACNA1E,1,0,0,0,0
chr1,182347233,182360925,GLUL,1,0,0,0,0
chr1,182542769,182558391,RNASEL,1,0,0,0,0
chr1,183155399,183214262,LAMC2,1,0,0,1,0
chr1,183524697,183560049,NCF2,1,0,0,1,0
chr1,184020864,184066619,TSEN15,1,0,0,0,0
chr1,185265520,185286375,IVNS1ABP,1,0,0,0,0
chr1,185703523,186160081,HMCN1,1,0,0,0,0
chr1,186265405,186283699,PRG4,1,0,0,0,0
chr1,186798081,186958113,PLA2G4A,1,0,0,0,0
chr1,193091161,193223945,CDC73,1,0,0,0,0
chr1,196194909,196577570,KCNT2,1,0,0,0,0
chr1,196621173,196716634,CFH,1,0,0,0,1
chr1,196743970,196764537,CFHR3,1,0,0,0,1
chr1,196788861,196801319,CFHR1,1,0,0,0,1
chr1,196946686,196978808,CFHR5,1,0,0,0,0
chr1,197007871,197036390,F13B,1,0,0,0,0
chr1,197053257,197115799,ASPM,1,0,0,1,0
chr1,197170634,197447585,CRB1,1,1,0,1,0
chr1,198608170,198726605,PTPRC,1,0,0,1,1
chr1,200520625,200589879,KIF14,1,0,0,0,0
chr1,200609933,200639035,DDX59,1,0,0,0,0
chr1,200860659,200884870,INAVA,1,0,0,0,0
chr1,201008640,201081554,CACNA1S,1,0,0,0,0
chr1,201252634,201302117,PKP1,1,0,0,0,0
chr1,201328142,201346808,TNNT2,1,0,0,0,0
chr1,202300785,202311064,UBE2T,1,0,0,0,0
chr1,202559724,202679582,SYT2,1,0,0,0,0
chr1,202693623,202777549,KDM5B,1,0,0,0,0
chr1,203148059,203155832,CHI3L1,1,0,0,0,0
chr1,203185207,203198801,CHIT1,1,0,0,0,0
chr1,203830727,203840280,SNRPE,1,0,0,0,0
chr1,204123947,204135465,REN,1,0,0,0,0
chr1,204159469,204165619,KISS1,1,0,0,0,0
chr1,204372509,204380945,PPP1R15B,1,0,0,0,0
chr1,204485534,204527248,MDM4,1,0,0,0,0
chr1,204797780,204991950,NFASC,1,0,0,0,0
chr1,205012077,205047417,CNTN2,1,0,0,0,0
chr1,205111633,205180830,DSTYK,1,0,0,0,0
chr1,206940947,206945839,IL10,1,0,0,0,0
chr1,207495023,207534311,CD55,1,0,0,0,0
chr1,207627673,207663237,CR2,1,0,0,0,0
chr1,207669502,207815110,CR1,1,0,0,0,1
chr1,207925383,207968861,CD46,1,0,0,0,1
chr1,209788215,209825770,LAMB3,1,0,0,1,0
chr1,209859524,209908274,HSD11B1,1,0,0,0,0
chr1,209958962,209979487,IRF6,1,0,0,0,0
chr1,210111562,210344734,SYT14,1,0,0,0,1
chr1,210501596,210849632,HHAT,1,0,0,0,0
chr1,210851656,211307490,KCNH1,1,0,0,0,0
chr1,211649864,211665504,RD3,1,0,0,0,0
chr1,211831598,211848963,NEK2,1,0,0,0,0
chr1,213031617,213072705,FLVCR1,1,0,0,0,0
chr1,214522043,214724945,PTPN14,1,0,0,0,0
chr1,214776538,214837914,CENPF,1,0,0,0,0
chr1,215796233,216596790,USH2A,1,1,0,1,0
chr1,218518678,218617961,TGFB2,1,0,0,0,0
chr1,220083787,220132440,SLC30A10,1,0,0,0,0
chr1,220141942,220219847,EPRS1,1,0,0,0,0
chr1,220267474,220321383,IARS2,1,0,0,0,0
chr1,220321635,220445795,RAB3GAP2,1,0,0,0,1
chr1,223282746,223316590,TLR5,1,0,0,0,0
chr1,224370942,224381143,DEGS1,1,0,0,0,0
chr1,224572848,224622499,WDR26,1,0,0,0,0
chr1,225589204,225616523,LBR,1,0,0,0,0
chr1,225997826,226033264,EPHX1,1,0,0,0,0
chr1,226033237,226070080,TMEM63A,1,0,0,0,0
chr1,226107578,226111950,PYCR2,1,0,0,0,0
chr1,227058317,227083799,PSEN2,1,0,0,0,0
chr1,227127995,227175245,COQ8A,1,0,0,0,0
chr1,228270409,228286913,ARF1,1,0,0,0,0
chr1,228337631,228347527,GJC2,1,0,0,0,0
chr1,228353505,228369958,IBA57,1,0,0,0,0
chr1,229566992,229569841,ACTA1,1,0,0,0,0
chr1,229576006,229644088,NUP133,1,0,0,0,0
chr1,230193536,230417868,GALNT2,1,0,0,0,0
chr1,230778227,230829728,COG2,1,0,0,0,0
chr1,230838269,230881329,AGT,1,1,0,1,0
chr1,231114840,231136479,ARV1,1,0,0,0,0
chr1,231376958,231413719,GNPAT,1,0,0,1,0
chr1,231468499,231473598,EXOC8,1,0,0,0,0
chr1,231474039,231490769,SPRTN,1,0,0,0,0
chr1,231499502,231558033,EGLN1,1,0,0,0,1
chr1,231762536,232177018,DISC1,1,0,0,0,0
chr1,231950372,231954263,DISC2,1,0,0,0,0
chr1,234509202,234520826,COA6,1,0,0,0,0
chr1,234740015,234745924,IRF2BP2,1,0,0,0,0
chr1,235530742,235615756,TBCE,1,0,0,1,0
chr1,235610505,235667752,B3GALNT2,1,0,0,0,1
chr1,235824331,236047013,LYST,1,0,0,1,0
chr1,236511559,236648230,EDARADD,1,0,0,0,0
chr1,236849799,236927931,ACTN2,1,0,0,0,0
chr1,236958581,237067281,MTR,1,0,0,1,0
chr1,237205484,237997288,RYR2,1,0,0,0,0
chr1,239549868,240078750,CHRM3,1,0,0,0,0
chr1,240255183,240638487,FMN2,1,0,0,0,0
chr1,240652873,240775455,GREM2,1,0,0,0,0
chr1,241660903,241683055,FH,1,0,0,1,1
chr1,243419343,243663393,SDCCAG8,1,0,0,0,0
chr1,243651535,244014381,AKT3,1,0,0,0,0
chr1,244211955,244220778,ZBTB18,1,0,0,0,0
chr1,244998608,245008365,COX20,1,0,0,0,0
chr1,245013599,245027845,HNRNPU,1,0,0,0,1
chr1,247579475,247612119,NLRP3,1,0,0,0,0
chr2,1417235,1547445,TPO,1,1,0,1,0
chr2,1635659,1748287,PXDN,1,0,0,0,0
chr2,1792885,2335047,MYT1L,1,0,0,0,0
chr2,3383465,3483336,TRAPPC12,1,0,0,0,0
chr2,3579403,3605923,RNASEH1,1,0,0,0,0
chr2,3622850,3628510,RPS7,1,0,0,0,0
chr2,3642702,3692234,COLEC11,1,0,0,0,0
chr2,5832516,5841517,SOX11,1,0,0,0,0
chr2,8861211,8977743,KIDINS220,1,0,0,0,0
chr2,9628615,9695959,ADAM17,1,0,0,0,0
chr2,10183677,10194963,KLF11,1,0,0,0,0
chr2,10580094,10588453,ODC1,1,0,0,0,0
chr2,11817670,11967535,LPIN1,1,0,0,0,0
chr2,15307040,15701458,NBAS,1,0,0,0,0
chr2,16080672,16087126,MYCN,1,0,0,0,0
chr2,20110024,20189866,WDR35,1,0,0,0,0
chr2,20191813,20212429,MATN3,1,0,0,0,0
chr2,21224301,21266945,APOB,1,0,0,0,0
chr2,25042038,25143106,ADCY3,1,0,0,0,0
chr2,25383729,25391449,POMC,1,0,0,0,0
chr2,25450743,25565459,DNMT3A,1,0,0,0,0
chr2,25956622,26101356,ASXL2,1,0,0,0,0
chr2,26413504,26467500,HADHA,1,1,0,1,0
chr2,26467807,26513333,HADHB,1,0,0,1,0
chr2,26569011,26618753,SELENOI,1,0,0,0,0
chr2,26624788,26679579,DRC1,1,0,0,0,0
chr2,26680071,26781624,OTOF,1,1,0,1,0
chr2,26915590,26956288,KCNK3,1,0,0,0,0
chr2,27274291,27293486,AGBL5,1,0,0,0,0
chr2,27309640,27323630,KHK,1,0,0,0,0
chr2,27422455,27435136,SLC5A6,1,0,0,0,0
chr2,27440237,27466811,CAD,1,0,0,1,0
chr2,27532360,27545964,MPV17,1,0,0,1,0
chr2,27587219,27593205,EIF2B4,1,0,0,1,0
chr2,27600102,27603601,ZNF513,1,0,0,0,0
chr2,27667244,27712610,IFT172,1,0,0,0,0
chr2,27719706,27746551,GCKR,1,0,0,0,0
chr2,28974470,29025806,PPP1CB,1,0,0,0,0
chr2,29284561,29297389,PCARE,1,0,0,0,0
chr2,29415640,30144452,ALK,1,0,0,0,0
chr2,31557187,31637608,XDH,1,0,0,0,0
chr2,31747550,31806007,SRD5A2,1,0,0,1,0
chr2,32288625,32382706,SPAST,1,0,0,0,0
chr2,32449518,32490812,NLRC4,1,0,0,0,0
chr2,37326353,37384123,EIF2AK2,1,0,0,0,0
chr2,38294652,38303293,CYP1B1,1,1,0,1,0
chr2,38893256,38961907,GALM,1,0,0,0,0
chr2,39208690,39352009,SOS1,1,0,0,0,0
chr2,42275161,42285657,PKDCC,1,0,0,0,0
chr2,42994229,43019723,HAAO,1,0,0,0,0
chr2,43457990,43823177,THADA,0,0,1,0,0
chr2,44001178,44055486,DYNC2LI1,1,0,0,0,0
chr2,44039611,44065978,ABCG5,1,1,0,0,0
chr2,44066110,44110127,ABCG8,1,0,0,0,0
chr2,44113363,44223128,LRPPRC,1,1,0,1,0
chr2,44502619,44548633,SLC3A1,1,0,0,0,0
chr2,44544746,44589001,PREPL,1,0,0,0,0
chr2,45168841,45173210,SIX3,1,0,0,0,0
chr2,46524546,46613836,EPAS1,1,0,0,0,0
chr2,46844354,46857315,CRIPT,1,0,0,0,0
chr2,47129009,47168994,MCFD2,1,0,0,0,1
chr2,47143005,47303262,TTC7A,1,0,0,1,0
chr2,47387221,47404075,CALM2,1,0,0,0,0
chr2,47596450,47614159,EPCAM,1,0,0,0,0
chr2,47630206,47936969,MSH2,1,0,0,0,0
chr2,48010284,48037240,MSH6,1,0,0,0,0
chr2,48034059,48133637,FBXO11,1,0,0,0,0
chr2,48913913,48982863,LHCGR,1,0,1,0,0
chr2,49189296,49381654,FSHR,1,0,1,0,0
chr2,50145641,51259270,NRXN1,1,0,0,0,0
chr2,55514978,55646992,CCDC88A,1,0,0,0,0
chr2,55861196,55920979,PNPT1,1,0,0,0,1
chr2,56093102,56150917,EFEMP1,1,0,0,0,0
chr2,58386382,58468460,FANCL,1,0,0,1,0
chr2,60677655,60781059,BCL11A,1,0,0,0,0
chr2,61244855,61279125,PEX13,1,0,0,1,0
chr2,62051983,62081195,FAM161A,1,0,0,1,0
chr2,62901013,63273622,EHBP1,1,0,0,0,0
chr2,63346694,63815611,WDPCP,1,0,0,0,0
chr2,63816097,63834331,MDH1,1,0,0,0,0
chr2,64068103,64118694,UGP2,1,0,0,0,0
chr2,65215613,65250999,SLC1A4,1,0,0,1,0
chr2,69240276,69476459,ANTXR1,1,0,0,0,0
chr2,69546912,69614359,GFPT1,1,0,0,0,0
chr2,69622882,69666699,NFU1,1,0,0,0,1
chr2,70159849,70314507,ASPRV1,1,0,0,0,0
chr2,70436576,70475925,TIA1,1,0,0,0,0
chr2,71004442,71017775,FIGLA,1,0,0,0,0
chr2,71057342,71062946,CD207,1,0,0,0,0
chr2,71163030,71192561,ATP6V1B1,1,0,0,1,0
chr2,71336817,71357359,MCEE,1,0,0,1,0
chr2,71680691,71913893,DYSF,1,1,0,1,0
chr2,72356367,72374991,CYP26B1,1,0,0,0,0
chr2,72403113,73053162,EXOC6B,1,0,0,0,0
chr2,73114537,73119287,SPR,1,0,0,1,0
chr2,73612886,73837046,ALMS1,1,0,0,1,1
chr2,73957000,73964472,TPRKB,1,0,0,0,0
chr2,74056088,74100783,STAMBP,1,0,0,0,0
chr2,74120135,74146992,ACTG2,1,0,0,0,0
chr2,74154007,74186073,DGUOK,1,0,0,1,0
chr2,74212037,74335303,TET3,1,0,0,0,0
chr2,74362527,74375039,BOLA3,1,0,0,0,0
chr2,74588282,74618993,DCTN1,1,0,0,0,0
chr2,74688184,74692509,MOGS,1,0,0,0,0
chr2,74756532,74760683,HTRA2,1,0,0,0,0
chr2,74785010,74875457,M1AP,1,0,0,0,0
chr2,79412503,80875905,CTNNA2,1,0,0,0,0
chr2,84650652,84686404,SUCLG1,1,0,0,0,0
chr2,85581892,85618871,ELMOD3,1,0,0,0,0
chr2,85771843,85788616,GGCX,1,0,0,0,0
chr2,85884430,85895864,SFTPB,1,0,0,0,0
chr2,86064243,86116157,ST3GAL5,1,0,0,1,0
chr2,86247339,86333009,POLR1A,1,0,0,0,0
chr2,86333358,86369280,PTCD3,1,0,0,0,0
chr2,86441116,86565206,REEP1,1,0,0,0,0
chr2,87011728,87035519,CD8A,1,0,0,0,0
chr2,88856259,88926982,EIF2AK3,1,0,0,1,0
chr2,88991191,89050446,RPIA,1,0,0,0,1
chr2,89156874,89157196,IGKC,1,0,0,0,0
chr2,96850597,96874565,STARD7,1,0,0,0,0
chr2,96914252,96931735,TMEM127,1,0,0,0,0
chr2,96940076,96971284,SNRNP200,1,0,0,0,0
chr2,97001504,97042829,NCAPH,1,0,0,0,0
chr2,97371666,97405801,LMAN2L,1,0,0,0,0
chr2,97426639,97477611,CNNM4,1,0,0,0,0
chr2,98330039,98356323,ZAP70,1,0,0,0,0
chr2,98703630,98929762,VWA3B,1,0,0,0,1
chr2,98962919,99015064,CNGA3,1,1,0,0,0
chr2,99215777,99224975,COA5,1,0,0,0,0
chr2,99613724,99771429,TSGA10,1,0,0,0,0
chr2,99771430,99779600,LIPT1,1,0,0,0,1
chr2,105470573,105475032,POU3F3,1,0,0,0,0
chr2,108602980,108630450,SLC5A7,1,0,0,0,0
chr2,109335938,109402265,RANBP2,1,0,0,0,0
chr2,109510927,109605676,EDAR,1,1,0,0,0
chr2,110880925,110962590,NPHP1,1,0,0,1,0
chr2,111395105,111435640,BUB1,1,0,0,0,0
chr2,112525217,112641770,ANAPC1,1,0,0,0,1
chr2,112656184,112787138,MERTK,1,0,0,0,0
chr2,113299613,113337395,POLR1B,1,0,0,0,0
chr2,113493926,113522186,CKAP2L,1,0,0,0,0
chr2,113587328,113594356,IL1B,1,0,0,0,0
chr2,113816215,113822321,IL36RN,1,0,0,0,0
chr2,113875548,113891591,IL1RN,1,0,0,0,0
chr2,113973574,114036498,PAX8,1,0,0,0,0
chr2,119981410,120023228,STEAP3,1,0,0,0,0
chr2,121493444,121750229,GLI2,1,0,0,0,0
chr2,122288456,122288585,RNU4ATAC,1,0,0,0,0
chr2,127413734,127454243,GYPC,1,0,0,0,0
chr2,127805599,127864730,BIN1,1,0,0,0,0
chr2,128014866,128051720,ERCC3,1,0,0,0,0
chr2,128176003,128186818,PROC,1,0,1,0,0
chr2,128396001,128439360,LIMS2,1,0,0,0,0
chr2,129023054,129076442,HS6ST1,1,0,0,0,1
chr2,130908965,130939330,SMPD4,1,0,0,0,1
chr2,131095506,131100254,CCDC115,1,0,0,0,0
chr2,131349738,131357148,CFC1,1,0,0,0,1
chr2,132233692,132240507,TUBA3D,1,0,0,0,1
chr2,135809862,135928280,RAB3GAP1,1,0,0,0,0
chr2,136545420,136594754,LCT,1,0,0,0,0
chr2,136597196,136634013,MCM6,1,0,0,0,0
chr2,136663451,136743254,DARS1,1,0,0,0,0
chr2,136871919,136875719,CXCR4,1,0,0,0,0
chr2,138722043,138773934,HNMT,1,0,0,0,0
chr2,143635233,143813402,KYNU,1,0,0,0,0
chr2,145141648,145277686,ZEB2,1,0,0,0,1
chr2,148687965,148779120,ORC4,1,0,0,0,0
chr2,148778580,149274540,MBD5,1,0,0,0,0
chr2,149632796,149883273,KIF5C,1,0,0,0,0
chr2,150426151,150444289,MMADHC,1,0,0,1,0
chr2,152341853,152590990,NEB,1,1,0,1,1
chr2,152689285,152955681,CACNB4,1,0,0,0,0
chr2,157292064,157442915,GPD2,1,0,0,0,0
chr2,158592958,158732842,ACVR1,1,0,0,0,0
chr2,160956182,161056783,ITGB6,1,0,0,0,0
chr2,162272808,162282381,TBR1,1,0,0,0,0
chr2,163123584,163175194,IFIH1,1,0,0,0,0
chr2,165944036,166060560,SCN3A,1,0,0,0,0
chr2,166095924,166248814,SCN2A,1,0,0,0,0
chr2,166604098,166650757,GALNT3,1,0,0,1,0
chr2,166729872,166810286,TTC21B,1,0,0,1,0
chr2,166841151,167005671,SCN1A,1,0,0,0,0
chr2,167051695,167232454,SCN9A,1,0,0,1,0
chr2,169777291,169887834,ABCB11,1,1,0,1,0
chr2,169983619,170219044,LRP2,1,1,0,1,0
chr2,170336004,170363165,BBS5,1,0,0,1,0
chr2,170366212,170382768,KLHL41,1,0,0,0,0
chr2,170668267,170681415,METTL5,1,0,0,0,0
chr2,171673397,171717661,GAD1,1,0,0,0,0
chr2,172290736,172341562,DCAF17,1,0,0,1,0
chr2,172543979,172606668,DYNC1I2,1,0,0,0,1
chr2,172639915,172750754,SLC25A12,1,0,0,0,0
chr2,173292064,173371187,ITGA6,1,0,0,1,0
chr2,173940574,174132743,MAP3K20,1,0,0,0,0
chr2,174219600,174233725,CDCA7,1,0,0,0,0
chr2,175424302,175547641,WIPF1,1,0,0,0,0
chr2,175612320,175629200,CHRNA1,1,0,0,0,0
chr2,175663537,175870109,CHN1,1,0,0,0,0
chr2,176788610,176867548,LNPK,1,0,0,0,0
chr2,176957449,176960672,HOXD13,1,0,0,0,0
chr2,176981506,176984665,HOXD10,1,0,0,0,0
chr2,177134170,177202753,MTX2,1,0,0,0,0
chr2,178095031,178129455,NFE2L2,1,0,0,0,0
chr2,178257501,178408562,AGPS,1,0,0,1,1
chr2,178487972,178973066,PDE11A,1,0,0,0,0
chr2,179296141,179315902,PRKRA,1,0,0,0,0
chr2,179316105,179326829,PJVK,1,0,0,1,0
chr2,179390716,179672150,TTN,1,0,0,0,1
chr2,182401399,182521832,CERKL,1,1,0,1,0
chr2,182533022,182545244,NEUROD1,1,0,0,0,0
chr2,183698002,183731365,FRZB,1,0,0,0,0
chr2,186603531,186698017,FSIP2,1,0,0,0,0
chr2,188206691,188312979,CALCRL,1,0,0,0,0
chr2,189839099,189877472,COL3A1,1,0,0,0,0
chr2,189896624,190044487,COL5A2,1,0,0,0,0
chr2,190425316,190445512,SLC40A1,1,0,0,0,0
chr2,190920426,190927455,MSTN,1,0,0,0,0
chr2,191068646,191184552,HIBCH,1,0,0,0,0
chr2,191745547,191830278,GLS,1,0,0,0,0
chr2,191833875,191878897,STAT1,1,0,0,0,0
chr2,191894302,192016322,STAT4,1,0,0,0,0
chr2,197058796,197458278,HECW2,1,0,0,0,0
chr2,197697728,197791431,PGAP1,1,0,0,0,0
chr2,198254508,198299817,SF3B1,1,0,0,0,0
chr2,198351308,198364998,HSPD1,1,0,0,0,0
chr2,198570093,198573119,MARS2,1,0,0,0,0
chr2,200134223,200335989,SATB2,1,0,0,0,0
chr2,201936724,201950473,NDUFB3,1,0,0,0,0
chr2,202047864,202094129,CASP10,1,0,0,0,0
chr2,202098186,202152432,CASP8,1,0,0,0,0
chr2,202484909,202508226,TMEM237,1,0,0,1,0
chr2,202564990,202645656,ALS2,1,0,0,0,0
chr2,203070894,203103320,SUMO1,1,0,0,0,0
chr2,203241050,203432472,BMPR2,1,0,0,0,0
chr2,204732494,204738688,CTLA4,1,0,0,0,0
chr2,204801486,204826300,ICOS,1,0,0,0,0
chr2,206979541,207024168,NDUFS1,1,0,0,0,0
chr2,207630330,207660913,FASTKD2,1,0,0,0,0
chr2,208394686,208470712,CREB1,1,0,0,0,1
chr2,208986331,208989248,CRYGD,1,0,0,0,0
chr2,208992861,208994552,CRYGC,1,0,0,0,0
chr2,209007297,209010882,CRYGB,1,0,0,0,0
chr2,209100951,209119795,IDH1,1,0,0,0,0
chr2,209130979,209223470,PIKFYVE,1,0,0,0,1
chr2,210636556,210864020,UNC80,1,0,0,0,1
chr2,211154874,211179898,MYL1,1,0,0,0,0
chr2,211342409,211543831,CPS1,1,0,0,1,0
chr2,212240442,213403526,ERBB4,1,0,0,0,0
chr2,215590370,215674407,BARD1,1,0,0,0,0
chr2,215796266,216003349,ABCA12,1,0,0,1,0
chr2,216176782,216214487,ATIC,1,0,0,0,0
chr2,216225588,216300791,FN1,1,0,0,0,0
chr2,217277207,217347776,SMARCAL1,1,0,0,1,0
chr2,219027564,219031685,CXCR1,1,0,0,0,0
chr2,219135242,219211516,PNKD,1,0,0,0,1
chr2,219246996,219261617,SLC11A1,1,0,0,0,0
chr2,219498052,219524346,ZNF142,1,0,0,0,0
chr2,219524406,219528166,BCS1L,1,0,0,1,0
chr2,219646870,219680016,CYP27A1,1,1,0,1,0
chr2,219687031,219696526,PRKAG3,1,0,0,0,0
chr2,219745574,219758650,WNT10A,1,0,0,1,0
chr2,219854912,219858144,CRYBA2,1,0,0,0,0
chr2,219867568,219906273,CFAP65,1,0,0,0,0
chr2,219919146,219925643,IHH,1,0,0,0,0
chr2,219934079,220025537,NHEJ1,1,0,0,0,0
chr2,220074494,220083680,ABCB6,1,0,0,0,0
chr2,220114432,220119462,TUBA4A,1,0,0,0,0
chr2,220144088,220151617,DNAJB2,1,0,0,0,0
chr2,220283099,220291456,DES,1,0,0,0,0
chr2,220299565,220358351,SPEG,1,0,0,0,0
chr2,220363613,220371711,GMPPA,1,0,0,0,0
chr2,220415450,220436261,OBSL1,1,0,0,0,0
chr2,223064606,223163717,PAX3,1,0,0,0,0
chr2,223431618,223520811,FARSB,1,0,0,0,1
chr2,224620043,224702299,AP1S3,1,0,0,0,0
chr2,224822180,224832431,MRPL44,1,0,0,0,0
chr2,225334867,225450080,CUL3,1,0,0,0,0
chr2,227596028,227664536,IRS1,1,0,0,0,0
chr2,227867430,228028921,COL4A4,1,1,0,1,0
chr2,228029340,228179508,COL4A3,1,1,0,1,0
chr2,228189967,228222552,MFF,1,0,0,0,0
chr2,228226754,228244022,TM4SF20,1,0,0,0,0
chr2,228548479,228582744,SLC19A3,1,1,0,1,0
chr2,230628553,230787902,TRIP12,1,0,0,0,0
chr2,231029902,231090351,SP110,1,0,0,0,0
chr2,232063345,232241559,ARMC9,1,0,0,0,0
chr2,232597143,232645992,PDE6D,1,0,0,0,0
chr2,232826423,233209060,DIS3L2,1,0,0,1,1
chr2,233344537,233352544,ECEL1,1,0,0,0,1
chr2,233385098,233390426,PRSS56,1,0,0,0,0
chr2,233390870,233401374,CHRND,1,0,0,0,0
chr2,233404402,233412825,CHRNG,1,0,0,1,0
chr2,233562041,233725315,GIGYF2,1,0,0,0,0
chr2,233630512,233641275,KCNJ13,1,0,0,0,0
chr2,234160319,234204315,ATG16L1,1,0,0,0,0
chr2,234216462,234255701,SAG,1,0,0,0,0
chr2,234668916,234681946,UGT1A1,1,1,0,1,0
chr2,238232661,238322807,COL6A3,1,0,0,0,0
chr2,238395053,238463965,MLPH,1,0,0,0,0
chr2,239152685,239197251,PER2,1,0,0,0,0
chr2,239229159,239309541,TRAF3IP1,1,0,0,0,0
chr2,239756726,239832230,TWIST2,1,0,0,0,0
chr2,240831859,240964759,NDUFA10,1,0,0,0,0
chr2,241526151,241538521,CAPN10,1,0,1,0,0
chr2,241653184,241760820,KIF1A,1,0,0,0,0
chr2,241808241,241819917,AGXT,1,1,0,1,0
chr2,242674045,242708226,D2HGDH,1,0,0,0,0
chr2,242792036,242801046,PDCD1,1,0,0,0,0
chr3,3168624,3195119,TRNT1,1,0,0,0,0
chr3,3191317,3221401,CRBN,1,0,0,0,0
chr3,4402830,4508953,SUMF1,1,0,0,1,1
chr3,4535032,4889190,ITPR1,1,0,0,0,0
chr3,6902802,7783220,GRM7,1,0,0,0,0
chr3,8775488,8788444,CAV3,1,0,0,0,0
chr3,9439299,9519838,SETD5,1,0,0,0,0
chr3,9691189,9744077,MTMR14,1,0,0,0,0
chr3,9773419,9789699,BRPF1,1,0,0,0,0
chr3,9791636,9808334,OGG1,1,0,0,0,0
chr3,9908394,9921937,CIDEC,1,0,0,0,1
chr3,9932294,9936033,JAGN1,1,0,0,0,0
chr3,9958782,9975305,IL17RC,1,0,0,0,0
chr3,9975518,9987090,CRELD1,1,0,0,0,0
chr3,10068121,10143616,FANCD2,1,0,0,1,1
chr3,10183462,10195351,VHL,1,0,0,0,0
chr3,10327350,10334631,GHRL,1,0,0,0,0
chr3,10365707,10661646,ATP2B2,1,0,0,0,0
chr3,11034434,11080933,SLC6A1,1,0,0,0,0
chr3,12045862,12233532,SYN2,1,0,0,0,0
chr3,12328867,12475843,PPARG,1,0,0,0,0
chr3,12525979,12581123,TSEN2,1,0,0,1,1
chr3,12625100,12705616,RAF1,1,0,0,0,1
chr3,12938542,13324757,IQSEC1,1,0,0,0,0
chr3,13857755,13921568,WNT7A,1,0,0,0,0
chr3,14166552,14185180,TMEM43,1,0,0,0,0
chr3,14186647,14220101,XPC,1,1,0,1,0
chr3,14693269,14714162,CCDC174,1,0,0,0,0
chr3,15083758,15106822,MRPS25,1,0,0,0,0
chr3,15491640,15563213,COLQ,1,0,0,1,0
chr3,15642868,15764023,BTD,1,1,0,1,0
chr3,16628299,16646930,DAZL,1,0,0,0,0
chr3,20202085,20227698,SGO1,1,0,0,0,0
chr3,23958036,23966122,RPL15,1,0,0,0,0
chr3,24158644,24537199,THRB,1,0,0,0,0
chr3,24870812,25639423,RARB,1,0,0,0,0
chr3,25760435,25831530,NGLY1,1,0,0,1,1
chr3,27147975,27410874,NEK10,1,0,0,0,0
chr3,30647848,30735634,TGFBR2,1,0,0,0,0
chr3,31574417,31679108,STT3B,1,0,0,0,0
chr3,32148112,32210201,GPD1L,1,0,0,0,0
chr3,32859489,32939316,TRIM71,1,0,0,0,0
chr3,33002600,33138638,GLB1,1,1,0,1,1
chr3,33155506,33189265,CRTAP,1,0,0,1,0
chr3,37035009,37092337,MLH1,1,0,0,0,0
chr3,38048987,38071133,PLCD1,1,0,0,0,0
chr3,38180152,38184513,MYD88,1,0,0,0,0
chr3,38495381,38534633,ACVR2B,1,0,0,0,0
chr3,38589553,38691178,SCN5A,1,0,0,0,0
chr3,38738298,38857708,SCN10A,1,0,0,0,0
chr3,38887255,39093435,SCN11A,1,0,0,0,0
chr3,39149171,39180391,TTC21A,1,0,0,0,0
chr3,39304985,39323226,CX3CR1,1,0,0,0,0
chr3,39424861,39438842,SLC25A38,1,0,0,0,1
chr3,41240996,41281934,CTNNB1,1,0,0,0,0
chr3,42128692,42267382,TRAK1,1,0,0,0,0
chr3,42727029,42734036,KLHL40,1,0,0,1,0
chr3,43120726,43147571,POMGNT2,1,0,0,0,0
chr3,43407340,43733086,ANO10,1,1,0,1,0
chr3,43732362,43775863,ABHD5,1,0,0,0,0
chr3,45430068,45590899,LARS2,1,0,0,0,0
chr3,45796941,45838028,SLC6A20,1,0,0,0,0
chr3,45864808,45957216,LZTFL1,1,0,0,0,0
chr3,45959395,46037316,FYCO1,1,0,0,0,0
chr3,46395602,46402431,CCR2,1,0,0,0,0
chr3,46411633,46417697,CCR5,1,0,0,0,0
chr3,46616025,46623947,CRIPTO,1,0,0,0,0
chr3,46735268,46752376,TMIE,1,0,0,0,0
chr3,46899362,46923672,MYL3,1,0,0,0,0
chr3,46919211,46945289,PTH1R,1,0,0,0,0
chr3,47021156,47051191,NBEAL2,1,0,0,0,0
chr3,47057926,47205603,SETD2,1,0,0,0,0
chr3,47422511,47454925,PTPN23,1,0,0,0,0
chr3,47844628,47891683,DHX30,1,0,0,0,0
chr3,48507229,48509044,TREX1,1,0,0,1,0
chr3,48601506,48632762,COL7A1,1,1,0,1,0
chr3,48894359,48936315,SLC25A20,1,0,0,1,1
chr3,49027341,49044586,P4HTM,1,0,0,0,0
chr3,49052921,49058938,DALRD3,1,0,0,0,0
chr3,49057885,49060928,NDUFAF3,1,0,0,0,0
chr3,49061758,49066831,IMPDH2,1,0,0,0,0
chr3,49067140,49131806,QRICH1,1,0,0,0,0
chr3,49133365,49142190,QARS1,1,0,0,0,0
chr3,49158547,49170483,LAMB2,1,0,0,0,0
chr3,49209031,49213919,KLHDC8B,1,0,0,0,0
chr3,49394609,49395786,GPX1,1,0,0,0,0
chr3,49396578,49449409,RHOA,1,0,0,0,0
chr3,49454211,49459906,AMT,1,0,0,1,0
chr3,49506381,49573048,DAG1,1,0,0,0,0
chr3,49757349,49761384,GMPPB,1,0,0,0,0
chr3,49866034,49893997,TRAIP,1,0,0,0,0
chr3,49924435,49941306,MST1R,1,0,0,0,0
chr3,50229043,50235129,GNAT1,1,0,0,0,0
chr3,50264500,50296794,GNAI2,1,0,0,0,0
chr3,50337324,50349812,HYAL1,1,0,0,1,0
chr3,50378543,50383163,ZMYND10,1,0,0,0,0
chr3,50384761,50388206,NPRL2,1,0,0,0,0
chr3,50400044,50541675,CACNA2D2,1,0,0,0,0
chr3,50643920,50649205,CISH,1,0,0,0,0
chr3,50649308,50686722,MAPKAPK3,1,0,0,0,0
chr3,50712358,51421629,DOCK3,1,0,0,0,1
chr3,52017551,52023213,ACY1,1,0,0,0,0
chr3,52109242,52188439,POC1A,1,0,0,0,0
chr3,52321844,52329273,GLYCTK,1,0,0,0,0
chr3,52350335,52434508,DNAH1,1,0,0,0,0
chr3,52435024,52444024,BAP1,1,0,0,0,0
chr3,52485116,52488057,TNNC1,1,0,0,0,0
chr3,53122499,53164451,RFT1,1,0,0,0,0
chr3,53195225,53226733,PRKCD,1,0,0,0,0
chr3,53258728,53290038,TKT,1,0,0,0,0
chr3,53528638,53847760,CACNA1D,1,0,0,0,0
chr3,55499743,55521334,WNT5A,1,0,0,0,0
chr3,57124010,57204345,IL17RD,1,0,0,0,0
chr3,57231866,57261643,HESX1,1,0,0,0,0
chr3,57261757,57307499,APPL1,1,0,0,0,0
chr3,57994149,58157978,FLNB,1,0,0,0,0
chr3,58177984,58196699,DNASE1L3,1,0,0,0,0
chr3,58413357,58419559,PDHB,1,0,0,1,0
chr3,58490863,58522917,ACOX2,1,0,0,0,0
chr3,63848820,63989138,ATXN7,1,0,0,0,0
chr3,66119285,66429351,SLC25A26,1,0,0,0,0
chr3,69024376,69062835,EOGT,1,0,0,0,0
chr3,69155216,69171746,LMOD3,1,0,0,0,0
chr3,69788615,70017483,MITF,1,0,0,0,0
chr3,71003859,71633129,FOXP1,1,0,0,0,0
chr3,71820806,71834299,PROK2,1,0,0,0,0
chr3,75955826,77699115,ROBO2,1,0,0,0,1
chr3,81538854,81810796,GBE1,1,1,0,1,0
chr3,87276459,87304706,CHMP2B,1,0,0,0,0
chr3,87308554,87325734,POU1F1,1,0,0,1,0
chr3,93591895,93692740,PROS1,1,0,1,0,0
chr3,93698999,93774522,ARL13B,1,0,0,1,0
chr3,93781905,93850676,NSUN3,1,0,0,0,0
chr3,97483365,97520086,ARL6,1,0,0,1,0
chr3,98298290,98312455,CPOX,1,0,0,0,0
chr3,99979836,100044082,TBC1D23,1,0,0,0,0
chr3,100428134,100467811,TFG,1,0,0,0,0
chr3,100941390,101039419,IMPG2,1,0,0,0,0
chr3,101280712,101285290,TRMT10C,1,0,0,0,0
chr3,101367733,101395976,ZBTB11,1,0,0,0,0
chr3,107879659,107941271,IFT57,1,0,0,0,0
chr3,111261044,111384843,CD96,1,0,0,0,0
chr3,112721291,112738518,NEPRO,1,0,0,0,0
chr3,113005777,113160361,CFAP44,1,0,0,0,0
chr3,113465882,113530903,ATP6V1A,1,0,0,0,0
chr3,113846427,113918254,DRD3,1,0,0,0,0
chr3,114033347,114866135,ZBTB20,1,0,0,0,0
chr3,119013230,119139561,ARHGAP31,1,0,0,0,0
chr3,119187810,119213555,POGLUT1,1,0,0,0,0
chr3,119217394,119243937,TIMMDC1,1,0,0,0,0
chr3,119421869,119485949,CFAP91,1,0,0,0,0
chr3,120347019,120401086,HGD,1,0,0,1,0
chr3,120403785,120461527,RABL3,1,0,0,0,0
chr3,121488608,121553907,IQCB1,1,0,0,1,0
chr3,121706170,121741094,ILDR1,1,0,0,0,0
chr3,121902515,122010476,CASR,1,0,0,0,0
chr3,122044095,122060816,CSTA,1,0,0,0,0
chr3,123001143,123167937,ADCY5,1,0,0,0,0
chr3,123328896,123603179,MYLK,1,0,0,0,1
chr3,124449299,124468120,UMPS,1,0,0,0,0
chr3,124944513,125094198,ZNF148,1,0,0,0,0
chr3,126200009,126236616,UROC1,1,0,0,0,0
chr3,127317254,127341279,MCM2,1,0,0,0,0
chr3,127770484,127790526,SEC61A1,1,0,0,0,0
chr3,128198265,128212044,GATA2,1,0,0,0,0
chr3,128445026,128533641,RAB7A,1,0,0,0,0
chr3,128598463,128631957,ACAD9,1,1,0,1,0
chr3,128779622,128781249,GP9,1,0,0,1,0
chr3,128886670,128902739,CNBP,1,0,0,0,0
chr3,129159067,129239350,IFT122,1,0,0,0,1
chr3,129247482,129254187,RHO,1,0,0,0,0
chr3,129693563,129696778,TRH,1,0,0,0,0
chr3,130569439,130735556,ATP2C1,1,0,0,0,0
chr3,131181056,131221815,MRPL3,1,0,0,0,1
chr3,132373274,132398638,UBA5,1,0,0,0,0
chr3,132399453,132441253,NPHP3,1,0,0,1,0
chr3,133118900,133194052,BFSP2,1,0,0,0,0
chr3,133380842,133515485,TF,1,1,0,1,0
chr3,133651545,133748769,SLCO2A1,1,0,0,0,0
chr3,134204566,134293855,CEP63,1,0,0,0,0
chr3,134318765,134369864,KY,1,0,0,0,0
chr3,135969182,136049011,PCCB,1,1,0,1,0
chr3,136055078,136471220,STAG1,1,0,0,0,0
chr3,137780832,137834450,DZIP1L,1,0,0,0,0
chr3,138066490,138124377,MRAS,1,0,0,0,0
chr3,138663066,138665979,FOXL2,1,0,1,0,0
chr3,139062836,139075982,MRPS22,1,0,0,0,0
chr3,139076248,139108522,COPB2,1,0,0,0,0
chr3,142168077,142297575,ATR,1,0,0,0,0
chr3,142315235,142432506,PLS1,1,0,0,0,0
chr3,142984064,143567310,SLC9A9,1,0,0,0,0
chr3,145787227,145878971,PLOD2,1,0,0,0,0
chr3,147127152,147134506,ZIC1,1,0,0,0,0
chr3,148415690,148460790,AGTR1,1,0,0,0,0
chr3,148709327,148749562,GYG1,1,0,0,0,1
chr3,148847425,148891519,HPS3,1,1,0,1,0
chr3,148880201,148939616,CP,1,0,0,0,0
chr3,149375997,149379151,WWTR1,0,0,0,1,0
chr3,149530475,149679926,RNF13,1,0,0,0,0
chr3,150643950,150690786,CLRN1,1,1,0,1,0
chr3,150803451,151154441,MED12L,1,0,0,0,0
chr3,151054631,151102541,P2RY12,1,0,0,0,0
chr3,154741991,154901518,MME,1,0,0,0,0
chr3,155538813,155572216,SLC33A1,1,0,0,0,0
chr3,157827878,158263519,RSRC1,1,0,0,0,0
chr3,158362316,158413370,GFM1,1,0,0,1,0
chr3,159974774,160117013,IFT80,1,0,0,0,0
chr3,160801671,160823137,B3GALNT1,1,0,0,0,1
chr3,164696686,164796284,SI,1,0,0,0,0
chr3,165490692,165555211,BCHE,1,1,0,1,0
chr3,167401086,167452680,PDCD10,1,0,0,0,0
chr3,167453509,167543357,SERPINI1,1,0,0,0,0
chr3,168801295,169381500,MECOM,1,0,0,0,0
chr3,169482398,169482848,TERC,1,0,0,0,0
chr3,170177336,170303864,SLC7A14,1,0,0,0,0
chr3,170714136,170744509,SLC2A2,1,0,0,0,0
chr3,170776203,171178197,TNIK,1,0,0,0,0
chr3,171318194,171528273,PLD1,1,0,0,0,0
chr3,172161081,172166246,GHSR,1,0,0,0,0
chr3,172607147,172859025,SPATA16,1,0,0,0,0
chr3,173113742,174012162,NLGN1,1,0,0,0,0
chr3,176737132,176915270,TBL1XR1,1,0,0,0,0
chr3,178866145,178957881,PIK3CA,1,0,0,0,1
chr3,179113876,179169258,GNB4,1,0,0,0,0
chr3,180331796,180397277,CCDC39,1,0,0,1,1
chr3,180630458,180700541,FXR1,1,0,0,0,0
chr3,180701497,180707626,DNAJC19,1,0,0,0,0
chr3,181429713,181432224,SOX2,1,0,0,0,0
chr3,182733006,182817375,MCCC1,1,1,0,1,0
chr3,183353411,183402307,KLHL24,1,0,0,0,0
chr3,183415585,183530412,YEATS2,1,0,0,0,0
chr3,183853146,183863099,EIF2B5,1,0,0,1,0
chr3,183873165,183891402,DVL3,1,0,0,0,0
chr3,183892643,183901879,AP2M1,1,0,0,0,0
chr3,183960089,183967313,ALG3,1,0,0,0,1
chr3,184032394,184053146,EIF4G1,1,0,0,0,0
chr3,184063973,184079393,CLCN2,1,0,0,0,0
chr3,184089723,184097476,THPO,1,0,0,0,0
chr3,184908412,184971837,EHHADH,1,0,0,0,0
chr3,185224050,185270376,LIPH,1,1,0,0,0
chr3,185360918,185542830,IGF2BP2,1,0,0,0,0
chr3,186256232,186262169,CRYGS,1,0,0,0,0
chr3,186288509,186303582,DNAJB11,1,0,0,0,0
chr3,186330849,186339107,AHSG,1,0,0,0,0
chr3,186383803,186396023,HRG,1,0,0,0,0
chr3,186435148,186462199,KNG1,1,0,0,0,0
chr3,186560499,186576252,ADIPOQ,1,0,0,0,0
chr3,186935070,187009525,MASP1,1,0,0,0,0
chr3,187439165,187463256,BCL6,1,0,0,0,0
chr3,187870809,188608460,LPP,1,0,0,0,0
chr3,189314535,189615065,TP63,1,0,0,0,0
chr3,189674517,189840067,P3H2,1,0,0,0,0
chr3,190008150,190129927,CLDN16,1,0,0,0,0
chr3,190023496,190040235,CLDN1,1,0,0,0,0
chr3,191047183,191116448,CCDC50,1,0,0,0,0
chr3,191857179,192445330,FGF12,1,0,0,0,0
chr3,193310997,193415600,OPA1,1,0,0,0,0
chr3,195776155,195808961,TFRC,1,0,0,0,0
chr3,195961239,196014597,PCYT1A,1,0,0,0,0
chr3,196018090,196045111,DYNLT2B,1,0,0,0,0
chr3,196195654,196230639,RNF168,1,0,0,0,0
chr3,196366565,196388875,NRROS,1,0,0,0,0
chr3,196433148,196439121,CEP19,1,0,0,0,0
chr3,197395738,197476691,RUBCN,1,0,0,0,0
chr3,197677061,197683481,RPL35A,1,0,0,0,0
chr4,331603,378657,ZNF141,1,0,0,0,0
chr4,492999,533989,PIGG,1,0,0,0,0
chr4,619362,664571,PDE6B,1,0,0,0,0
chr4,778745,819917,CPLX1,1,0,0,0,0
chr4,972823,987192,SLC26A1,1,0,0,0,0
chr4,980785,998352,IDUA,1,1,0,1,0
chr4,1050039,1107352,RNF212,1,0,0,0,0
chr4,1205233,1244143,CTBP1,1,0,0,0,0
chr4,1340996,1381837,UVSSA,1,0,0,0,1
chr4,1795020,1810594,FGFR3,1,0,0,0,0
chr4,2061054,2070816,NAT8L,1,0,0,0,0
chr4,2794812,2842823,SH3BP2,1,0,0,0,0
chr4,2845571,2931789,ADD1,1,0,0,0,0
chr4,3076408,3245687,HTT,1,0,0,0,0
chr4,3465033,3503209,DOK7,1,0,0,1,0
chr4,3505339,3534149,LRPAP1,1,0,0,0,0
chr4,3768112,3770253,ADRA2C,1,0,0,0,0
chr4,4861392,4865663,MSX1,1,0,0,0,0
chr4,5564166,5711275,EVC2,1,1,0,1,0
chr4,5712928,5816032,EVC,1,1,0,1,0
chr4,6271577,6304992,WFS1,1,0,0,0,0
chr4,8847802,8873565,HMX1,1,0,0,0,0
chr4,9783258,9785633,DRD5,1,0,0,0,0
chr4,9827848,10041894,SLC2A9,1,0,0,0,1
chr4,10075963,10118423,WDR1,1,0,0,0,0
chr4,13369348,13485964,RAB28,1,0,0,0,0
chr4,13542454,13546132,NKX3-2,1,0,0,0,0
chr4,15471489,15603180,CC2D2A,1,1,0,1,0
chr4,15969851,16085646,PROM1,1,0,0,0,0
chr4,16162128,16228094,TAPT1,1,0,0,0,0
chr4,17488018,17513713,QDPR,1,0,0,1,0
chr4,17516788,17528727,CLRN2,1,0,0,0,0
chr4,24797195,24802464,SOD3,1,0,0,0,0
chr4,25121636,25162071,SEPSECS,1,0,0,1,0
chr4,25657473,25680370,SLC34A2,1,0,0,0,0
chr4,26165080,26436753,RBPJ,1,0,0,0,0
chr4,38797876,38806412,TLR1,1,0,0,0,1
chr4,39184149,39287430,WDR19,1,0,0,0,0
chr4,39289076,39367982,RFC1,1,0,0,0,0
chr4,39460676,39481126,LIAS,1,0,0,0,0
chr4,39500375,39529059,UGDH,1,0,0,0,0
chr4,40192700,40248587,RHOH,1,0,0,0,0
chr4,41258945,41270472,UCHL1,1,0,0,0,0
chr4,41746099,41750742,PHOX2B,1,0,0,0,0
chr4,41992547,42092478,SLC30A9,1,0,0,0,1
chr4,42894730,43032675,GRXCR1,1,0,0,0,0
chr4,44680437,44702945,GUF1,1,0,0,0,0
chr4,46245565,46392317,GABRA2,1,0,0,0,0
chr4,47033584,47428464,GABRB1,1,0,0,0,0
chr4,47596018,47840084,CORIN,1,0,0,0,0
chr4,47937994,48018698,CNGA1,1,0,0,0,0
chr4,52886872,52904465,SGCB,1,1,0,1,0
chr4,54875956,54930772,CHIC2,1,0,0,0,0
chr4,54966330,54968665,GSX2,1,0,0,0,0
chr4,55095460,55164412,PDGFRA,1,0,0,0,0
chr4,55524124,55606881,KIT,1,0,0,0,0
chr4,55944648,55991762,KDR,1,0,0,0,0
chr4,56212409,56239267,SRD5A3,1,0,0,0,1
chr4,56262124,56292342,TMEM165,1,0,0,0,0
chr4,56815111,56899527,CEP135,1,0,0,0,0
chr4,57333783,57369847,SRP72,1,0,0,0,1
chr4,57676026,57688035,SPINK2,1,0,0,0,0
chr4,57774066,57802010,REST,1,0,0,0,0
chr4,57896939,57976551,IGFBP7,1,0,0,0,0
chr4,65142016,65275178,TECRL,1,0,0,0,0
chr4,68602836,68620106,GNRHR,1,0,1,0,0
chr4,69402891,69442040,UGT2B17,1,0,0,0,1
chr4,71296209,71348714,MUC7,1,0,0,0,0
chr4,71384286,71398460,AMTN,1,0,0,0,0
chr4,71457973,71473005,AMBN,1,0,0,0,0
chr4,71494461,71512541,ENAM,1,0,0,0,0
chr4,72052482,72437800,SLC4A4,1,0,0,1,0
chr4,73146686,73434938,ADAMTS3,1,0,0,0,0
chr4,74270004,74287199,ALB,1,0,0,0,0
chr4,74301938,74321891,AFP,1,0,0,0,0
chr4,76481276,76491103,ODAPH,1,0,0,0,0
chr4,77079890,77134977,SCARB2,1,0,0,1,0
chr4,78978477,79465423,FRAS1,1,0,0,1,0
chr4,80822300,80994626,ANTXR2,1,0,0,0,0
chr4,81106424,81125483,PRDM8,1,0,0,0,0
chr4,81187742,81212171,FGF5,1,0,0,0,0
chr4,83343717,83351615,HNRNPDL,1,0,0,0,0
chr4,83550692,83719949,SCD5,1,0,0,0,0
chr4,83739662,83821722,SEC31A,1,0,0,0,0
chr4,84184977,84206287,COQ2,1,0,0,0,0
chr4,85590750,85887843,WDFY3,1,0,0,0,0
chr4,88529681,88538025,DSPP,1,0,0,0,0
chr4,88571432,88585509,DMP1,1,0,0,0,0
chr4,88928787,88998929,PKD2,1,0,0,0,0
chr4,89011416,89152778,ABCG2,1,0,0,0,0
chr4,89178772,89205713,PPM1K,1,0,0,0,0
chr4,89442149,89444927,PIGY,1,0,0,0,0
chr4,90645250,90759455,SNCA,1,0,0,0,0
chr4,93225117,94695717,GRID2,1,0,0,0,0
chr4,95128759,95212443,SMARCAD1,1,0,0,0,0
chr4,95679106,96079601,BMPR1B,1,0,0,0,0
chr4,99182535,99365009,RAP1GDS1,1,0,0,0,0
chr4,99800427,99850284,EIF4E,1,0,0,0,0
chr4,99992129,100009939,ADH5,1,0,0,0,0
chr4,100226128,100242558,ADH1B,1,0,0,0,0
chr4,100257654,100273903,ADH1C,1,0,0,0,0
chr4,100467868,100485196,TRMT10A,1,0,0,0,0
chr4,100485287,100545154,MTTP,1,1,0,1,0
chr4,101944575,102268683,PPP3CA,1,0,0,0,0
chr4,103172198,103266639,SLC39A8,1,0,0,0,0
chr4,103422516,103538459,NFKB1,1,0,0,0,0
chr4,103551927,103682125,MANBA,1,0,0,1,0
chr4,103790149,103813964,CISD2,1,0,0,0,0
chr4,104026968,104119500,CENPE,1,0,0,0,0
chr4,104507188,104641142,TACR3,1,0,0,0,0
chr4,106067032,106200960,TET2,1,0,0,0,0
chr4,106290234,106395227,PPA2,1,0,0,0,0
chr4,106962756,107237840,TBCK,1,0,0,0,0
chr4,107236701,107270613,AIMP1,1,0,0,0,0
chr4,108745719,108836203,SGMS2,1,0,0,0,0
chr4,108852705,108874617,CYP2U1,1,0,0,0,0
chr4,108911045,108956327,HADH,1,0,0,1,0
chr4,108968704,109090088,LEF1,1,0,0,0,0
chr4,109729881,110223814,COL25A1,1,0,0,0,0
chr4,110652138,110723155,CFI,1,0,0,0,0
chr4,110769263,110793471,LRIT3,1,0,0,0,0
chr4,110834039,110934922,EGF,1,0,0,0,0
chr4,111538579,111563279,PITX2,1,0,0,0,0
chr4,113218525,113363777,ALPK1,1,0,0,0,1
chr4,113558299,113578742,LARP7,1,0,0,0,0
chr4,113626778,114304892,ANK2,1,0,0,0,0
chr4,119201193,119274158,PRSS12,1,0,0,0,0
chr4,119643978,119757281,SEC24D,1,0,0,0,0
chr4,120056987,120108944,MYOZ2,1,0,0,0,0
chr4,121613070,121843881,PRDM5,1,0,0,1,0
chr4,121956768,121993690,NDNF,1,0,0,0,0
chr4,122589101,122618135,ANXA5,1,0,0,0,0
chr4,122722478,122738176,EXOSC9,1,0,0,0,0
chr4,122745484,122791629,BBS7,1,0,0,1,0
chr4,122795636,122873215,TRPC3,1,0,0,0,0
chr4,123073486,123283907,BLTP1,1,0,0,0,0
chr4,123531263,123542221,IL21,1,0,0,0,0
chr4,123653859,123666094,BBS12,1,1,0,1,0
chr4,123844233,124240588,AFG2A,1,0,0,0,0
chr4,126236110,126414087,FAT4,1,0,0,0,0
chr4,128554112,128647892,INTU,1,0,0,0,0
chr4,128802048,128820379,PLK4,1,0,0,0,0
chr4,128838887,128887118,MFSD8,1,0,0,1,0
chr4,140222659,140312538,NAA15,1,0,0,0,0
chr4,140375275,140397763,RAB33B,1,0,0,0,0
chr4,144258029,144395718,GAB1,1,0,0,0,0
chr4,144917257,144940533,GYPB,1,0,0,0,1
chr4,145030456,145061871,GYPA,1,0,0,0,1
chr4,146540537,146581185,MMAA,1,1,0,1,1
chr4,147175133,147443092,SLC10A7,1,0,0,0,0
chr4,147627769,147867016,TTC29,1,0,0,0,0
chr4,148402249,148466106,EDNRA,1,0,0,0,1
chr4,148999915,149365850,NR3C2,1,0,0,0,0
chr4,151185587,151936879,LRBA,1,0,0,0,0
chr4,151503303,151505845,MAB21L2,1,0,0,0,0
chr4,152591656,152682159,GATB,1,0,0,0,0
chr4,154073315,154260469,TRIM2,1,0,0,0,0
chr4,154605432,154627412,TLR2,1,0,0,0,0
chr4,155484132,155493959,FGB,1,0,0,0,0
chr4,155504278,155511894,FGA,1,0,0,0,0
chr4,155525288,155533808,FGG,1,0,0,0,0
chr4,155661990,155674272,LRAT,1,0,0,1,1
chr4,156588000,156658211,GUCY1A1,1,0,0,0,0
chr4,156824848,156841558,TDO2,1,0,0,0,0
chr4,157997302,158093242,GLRB,1,0,0,0,0
chr4,158141272,158287227,GRIA2,1,0,0,0,0
chr4,159593448,159630775,ETFDH,1,1,0,1,0
chr4,160024231,160281325,RAPGEF2,1,0,0,0,0
chr4,166248821,166264316,MSMO1,1,0,0,0,0
chr4,166794389,167025609,TLL1,1,0,0,0,0
chr4,169418203,169849592,PALLD,1,0,0,0,0
chr4,170313960,170533734,NEK1,1,0,0,0,0
chr4,175411326,175444044,HPGD,1,0,0,0,0
chr4,177604689,177714076,VEGFC,1,0,0,0,0
chr4,178351928,178363591,AGA,1,1,0,1,0
chr4,183065116,183724177,TENM3,1,0,0,0,0
chr4,184580446,184634742,TRAPPC11,1,0,0,0,0
chr4,185570892,185616106,PRIMPOL,1,0,0,0,0
chr4,186064420,186071536,SLC25A4,1,0,0,0,0
chr4,186320691,186347118,UFSP2,1,0,0,0,0
chr4,186990310,187009227,TLR3,1,0,0,0,0
chr4,187112721,187134617,CYP4V2,1,0,0,0,0
chr4,187148661,187179625,KLKB1,1,0,0,0,0
chr4,187187343,187210835,F11,1,0,0,1,0
chr5,218435,257197,SDHA,1,0,0,0,1
chr5,470571,524564,SLC9A3,1,0,0,0,0
chr5,892999,918235,TRIP13,1,0,0,0,0
chr5,1201710,1225226,SLC6A19,1,0,0,0,0
chr5,1253282,1295183,TERT,1,0,0,1,0
chr5,1392909,1445555,SLC6A3,1,0,0,0,0
chr5,1801521,1816162,NDUFS6,1,0,0,1,0
chr5,6599352,6633157,NSUN2,1,0,0,0,1
chr5,7869261,7901226,MTRR,1,0,0,1,0
chr5,10250033,10266524,CCT5,1,0,0,0,0
chr5,10353807,10440500,MARCHF6,1,0,0,0,0
chr5,13690437,13944797,DNAH5,1,1,0,1,0
chr5,14143451,14510313,TRIO,1,0,0,0,0
chr5,14664827,14699959,OTULIN,1,0,0,0,0
chr5,14704909,14871887,ANKH,1,0,0,0,1
chr5,16473162,16617106,RETREG1,1,0,0,0,0
chr5,32690978,32791826,NPR3,1,0,0,0,0
chr5,33440802,33468196,TARS1,1,0,0,0,0
chr5,33944728,33984798,SLC45A2,1,0,0,1,0
chr5,33986270,34008155,AMACR,1,0,0,0,0
chr5,34929664,34959069,DNAJC21,1,0,0,0,0
chr5,34998207,35048054,AGXT2,1,0,0,0,0
chr5,35048861,35230589,PRLR,1,0,0,0,0
chr5,35617965,35814713,SPEF2,1,0,0,0,0
chr5,35856993,35879705,IL7R,1,0,0,1,0
chr5,36192691,36242381,NADK2,1,0,0,0,0
chr5,36606708,36688436,SLC1A3,1,0,0,0,0
chr5,36876871,37066515,NIPBL,1,0,0,0,0
chr5,37106337,37249478,CPLANE1,1,0,0,1,1
chr5,37288239,37371208,NUP155,1,0,0,0,0
chr5,37812779,37840143,GDNF,1,0,0,0,0
chr5,38474770,38595507,LIFR,1,0,0,1,0
chr5,38846114,38935743,OSMR,1,0,0,0,0
chr5,39105354,39270751,FYB1,1,0,0,0,1
chr5,39284242,39364597,C9,1,0,0,0,0
chr5,40909599,40984745,C7,1,0,0,0,0
chr5,41142218,41261571,C6,1,0,0,0,0
chr5,41730167,41870527,OXCT1,1,0,0,0,0
chr5,42423541,42721980,GHR,1,0,0,1,0
chr5,43602777,43707498,NNT,1,0,0,0,0
chr5,44300349,44389522,FGF10,1,0,0,0,0
chr5,45255050,45696482,HCN1,1,0,0,0,0
chr5,52391509,52405587,MOCS2,1,0,0,1,0
chr5,52856469,52979168,NDUFS4,1,0,0,1,0
chr5,53751529,53752207,HSPB3,1,0,0,0,0
chr5,54515392,54523143,MCIDAS,1,0,0,0,0
chr5,54526980,54529436,CCNO,1,0,0,0,0
chr5,55147185,55218678,IL31RA,1,0,0,0,0
chr5,55230923,55290791,IL6ST,1,0,0,0,1
chr5,56111376,56191979,MAP3K1,1,0,0,0,0
chr5,58264865,59792113,PDE4D,1,0,0,0,0
chr5,60162281,60240897,ERCC8,1,0,0,1,1
chr5,60241032,60448853,NDUFAF2,1,0,0,1,0
chr5,60628085,60841999,ZSWIM6,1,0,0,0,0
chr5,61602033,61686852,KIF2A,1,0,0,0,0
chr5,63253701,63258272,HTR1A,1,0,0,0,0
chr5,64064745,64314590,CWC27,1,0,0,0,0
chr5,67511584,67597649,PIK3R1,1,0,0,0,0
chr5,68710943,68740157,MARVELD2,1,0,0,0,0
chr5,68788374,68853931,OCLN,1,0,0,0,1
chr5,69345350,69373422,SMN2,1,1,0,0,1
chr5,70220768,70248842,SMN1,1,1,0,1,1
chr5,70751478,70863647,BDP1,1,0,0,0,1
chr5,70883167,70954533,MCCC2,1,1,0,1,0
chr5,71015102,71016872,CARTPT,1,0,0,0,0
chr5,71403302,71505392,MAP1B,1,0,0,0,0
chr5,73935848,74017113,HEXB,1,1,0,1,0
chr5,74017031,74062942,GFM2,1,0,0,0,0
chr5,74632993,74657941,HMGCR,1,0,0,0,0
chr5,74664311,74807806,CERT1,1,0,0,0,0
chr5,76382540,76724081,PDE8B,1,0,0,0,0
chr5,77296346,77590522,AP3B1,1,0,0,1,0
chr5,78073032,78281781,ARSB,1,1,0,1,0
chr5,78293387,78365497,DMGDH,1,0,0,0,0
chr5,79922045,79950802,DHFR,1,0,0,0,1
chr5,79950471,80172634,MSH3,1,0,0,0,0
chr5,81569139,81574173,RPS23,1,0,0,0,0
chr5,82373366,82649579,XRCC4,1,0,0,0,1
chr5,82767563,82878121,VCAN,1,0,0,0,0
chr5,86563700,86687733,RASA1,1,0,0,0,0
chr5,88012934,88199922,MEF2C,1,0,0,0,0
chr5,89854614,90460254,ADGRV1,1,0,0,1,1
chr5,92918928,92930317,NR2F1,1,0,0,0,0
chr5,93486556,93954309,KIAA0825,1,0,0,0,0
chr5,94799598,94890681,SKIC3,1,0,0,1,0
chr5,95297133,96110387,CAST,1,0,0,0,0
chr5,95726037,95768952,PCSK1,1,0,0,0,0
chr5,98189689,98264711,CHD1,1,0,0,0,0
chr5,102456005,102548500,PPIP5K2,1,0,0,0,0
chr5,110073846,110100857,SLC25A46,1,0,0,0,0
chr5,110428046,110466200,WDR36,1,0,0,0,0
chr5,112043195,112181936,APC,1,0,0,0,0
chr5,112357803,112824150,MCC,1,0,0,0,0
chr5,114460469,114515991,TRIM36,1,0,0,0,0
chr5,118788192,118878027,HSD17B4,1,1,0,1,0
chr5,121398890,121413954,LOX,1,0,0,0,0
chr5,122424936,122529960,PRDM6,1,0,0,0,0
chr5,122680586,122759536,CEP120,1,0,0,1,0
chr5,125877533,125930911,ALDH7A1,1,0,0,1,0
chr5,126112315,126172712,LMNB1,1,0,0,0,0
chr5,126626488,126796914,MEGF10,1,0,0,0,0
chr5,127419458,127525369,SLC12A2,1,0,0,0,0
chr5,127593601,127873938,FBN2,1,0,0,0,0
chr5,130494720,130500949,HINT1,1,0,0,0,0
chr5,130506637,130541121,LYRM7,1,0,0,0,0
chr5,131285666,131347906,ACSL6,1,0,0,0,0
chr5,131525840,131563546,P4HA2,1,0,0,0,0
chr5,131593389,131609147,PDLIM4,1,0,0,0,0
chr5,131630087,131679883,SLC22A4,1,0,0,0,0
chr5,131705402,131731304,SLC22A5,1,1,0,1,0
chr5,131817301,131826465,IRF1,1,0,0,0,0
chr5,131892669,131982041,RAD50,1,0,0,1,0
chr5,131992214,131996802,IL13,1,0,0,0,0
chr5,132196877,132202343,GDF9,1,0,1,0,0
chr5,132202334,132204539,UQCRQ,1,0,0,0,0
chr5,132211087,132299326,AFF4,1,0,0,0,0
chr5,133530023,133561764,PPP2CA,1,0,0,0,0
chr5,133936839,133968518,SAR1B,1,0,0,0,0
chr5,134363424,134369918,PITX1,1,0,0,0,0
chr5,135364677,135399507,TGFBI,1,0,0,0,0
chr5,136953189,137071778,KLHL3,1,0,0,0,0
chr5,137203549,137223540,MYOT,1,0,0,0,0
chr5,137688374,137772716,KDM3B,1,0,0,0,0
chr5,137774746,137782654,REEP2,1,0,0,0,0
chr5,137889445,137911090,HSPA9,1,0,0,0,1
chr5,138089114,138270723,CTNNA1,1,0,0,0,1
chr5,138282413,138534057,SIL1,1,0,0,0,0
chr5,138609790,138667366,MATR3,1,0,0,0,0
chr5,138855118,138862343,STING1,1,0,0,0,0
chr5,139493694,139505204,PURA,1,0,0,0,0
chr5,139712428,139726188,HBEGF,1,0,0,0,0
chr5,140024870,140027215,NDUFA2,1,0,0,0,0
chr5,140053490,140070955,HARS1,1,0,0,0,0
chr5,140071040,140078890,HARS2,1,0,0,0,0
chr5,140894588,140998567,DIAPH1,1,0,0,0,0
chr5,141323146,141337767,PCDH12,1,0,0,0,0
chr5,141689995,141704586,SPRY4,1,0,0,0,0
chr5,142149942,142608576,ARHGAP26,1,0,0,0,0
chr5,142657496,142815077,NR3C1,1,0,0,0,0
chr5,145238084,145252577,GRXCR2,1,0,0,0,0
chr5,145492597,145562213,LARS1,1,0,0,0,0
chr5,145718402,145721291,POU4F3,1,0,0,0,0
chr5,145960305,146461083,PPP2R2B,1,0,0,0,0
chr5,147204145,147218759,SPINK1,1,0,0,0,0
chr5,147258274,147261754,SCGB3A2,1,0,0,0,0
chr5,147443543,147516945,SPINK5,1,0,0,1,0
chr5,147763521,147822399,FBXO38,1,0,0,0,0
chr5,148206174,148208186,ADRB2,1,0,0,0,0
chr5,148361713,148442625,SH3TC2,1,0,0,1,0
chr5,149237516,149324356,PDE6A,1,0,0,0,0
chr5,149340321,149366963,SLC26A2,1,1,0,1,0
chr5,149432858,149492928,CSF1R,1,0,0,0,0
chr5,149493402,149535408,PDGFRB,1,0,0,0,0
chr5,149599054,149669693,CAMK2A,1,0,0,0,0
chr5,149737260,149779856,TCOF1,1,0,0,0,0
chr5,149822198,149829302,RPS14,1,0,0,0,0
chr5,149877341,149937773,NDST1,1,0,0,0,0
chr5,150226083,150281964,IRGM,1,0,0,0,1
chr5,150632746,150650001,GM2A,1,0,0,0,1
chr5,150694533,150727120,SLC36A2,1,0,0,0,0
chr5,150883653,150970892,FAT2,1,0,0,0,0
chr5,151040657,151066476,SPARC,1,0,0,0,0
chr5,151202074,151304412,GLRA1,1,0,0,0,0
chr5,155754174,156194799,SGCD,1,0,0,1,0
chr5,156512843,156536055,HAVCR2,1,0,0,0,0
chr5,156607851,156682195,ITK,1,0,0,0,0
chr5,156693133,156822602,CYFIP2,1,0,0,0,0
chr5,156887221,156901730,NIPAL4,1,0,0,0,0
chr5,157158428,157168457,THG1L,1,0,0,0,0
chr5,158741788,158757495,IL12B,1,0,0,0,0
chr5,160715443,160975410,GABRB2,1,0,0,0,0
chr5,161274197,161326977,GABRA1,1,0,0,0,0
chr5,161494471,161582545,GABRG2,1,0,0,0,0
chr5,162887638,162918947,HMMR,1,0,0,0,0
chr5,167718650,167899308,WWC1,1,0,0,0,0
chr5,167913476,167946306,RARS1,1,0,0,0,0
chr5,169064279,169510386,DOCK2,1,0,0,0,0
chr5,169532901,169536741,FOXI1,1,0,0,0,0
chr5,169801675,169816371,KCNMB1,1,0,0,0,0
chr5,170814120,170837904,NPM1,1,0,0,0,0
chr5,171288553,171433642,FBXW11,1,0,0,0,1
chr5,171752185,171881529,SH3PXD2B,1,0,0,0,0
chr5,172261254,172379686,ERGIC1,1,0,0,0,0
chr5,172659112,172662209,NKX2-5,1,0,0,0,0
chr5,174151585,174157899,MSX2,1,0,0,0,1
chr5,176047083,176057535,SNCB,1,0,0,0,0
chr5,176513916,176525145,FGFR4,1,0,0,0,0
chr5,176558799,176727214,NSD1,1,0,0,0,1
chr5,176811435,176825849,SLC34A1,1,0,0,0,0
chr5,176829142,176836565,F12,1,0,0,0,0
chr5,176938578,176943962,DDX41,1,0,0,0,0
chr5,177027133,177037331,B4GALT7,1,0,0,0,0
chr5,177419236,177423243,PROP1,1,1,0,1,0
chr5,177576464,177580886,NHP2,1,0,0,0,0
chr5,177635472,177659823,PHYKPL,1,0,0,0,1
chr5,178405328,178422321,GRM6,1,0,0,0,0
chr5,178537854,178772462,ADAMTS2,1,0,0,1,0
chr5,179220987,179223648,LTC4S,1,0,0,0,0
chr5,179233393,179265078,SQSTM1,1,0,0,0,1
chr5,180028506,180076600,FLT4,1,0,0,0,0
chr6,391752,411443,IRF4,1,0,0,0,0
chr6,1610150,1614132,FOXC1,1,0,0,0,0
chr6,2948393,2972027,SERPINB6,1,0,0,0,0
chr6,3000128,3019989,NQO2,1,0,0,0,0
chr6,3064201,3115421,RIPK1,1,0,0,0,0
chr6,3153900,3157778,TUBB2A,1,0,0,0,1
chr6,3224511,3227887,TUBB2B,1,0,0,0,1
chr6,5068561,5261183,LYRM4,1,0,0,0,0
chr6,5261240,5771816,FARS2,1,0,0,0,0
chr6,6144317,6320895,F13A1,1,0,0,0,0
chr6,7541904,7586947,DSP,1,0,0,0,0
chr6,8013800,8064647,BLOC1S5,1,0,0,0,0
chr6,10396910,10419892,TFAP2A,1,0,0,0,0
chr6,10521584,10629601,GCNT2,1,0,0,0,1
chr6,10762956,10838772,MAK,1,0,0,1,0
chr6,10873456,10882274,GCM2,1,0,0,0,0
chr6,12230749,12297427,EDN1,1,0,0,0,0
chr6,12716999,13288069,PHACTR1,1,0,0,0,0
chr6,13305183,13328769,TBC1D7,1,0,0,0,0
chr6,15523038,15663289,DTNBP1,1,0,0,0,0
chr6,16299343,16761691,ATXN1,1,0,0,0,0
chr6,18120671,18122908,NHLRC1,1,0,0,0,0
chr6,18128542,18155400,TPMT,1,0,0,0,0
chr6,18224091,18264761,DEK,1,0,0,0,0
chr6,21593982,21598850,SOX4,1,0,0,0,0
chr6,24171983,24383520,DCDC2,1,0,0,0,0
chr6,24495197,24537435,ALDH5A1,1,0,0,0,0
chr6,24650207,24667127,TDP2,1,0,0,0,0
chr6,24775165,24786327,GMNN,1,0,0,0,0
chr6,24804512,25042396,RIPOR2,1,0,0,0,0
chr6,25845084,25874471,SLC17A3,1,0,0,0,0
chr6,26087657,26098571,HFE,1,1,0,1,0
chr6,26156557,26157343,H1-4,1,0,0,0,0
chr6,29075835,29082547,OR2J3,1,0,0,0,0
chr6,29624869,29640142,MOG,1,0,0,0,0
chr6,29640169,29648929,ZFP57,1,0,0,0,0
chr6,29794251,29798798,HLA-G,1,0,0,0,1
chr6,29910309,29913647,HLA-A,1,0,0,0,0
chr6,30620904,30640783,DHX16,1,0,0,0,0
chr6,30688129,30693199,TUBB,1,0,0,0,0
chr6,30882015,30894236,VARS2,1,0,0,0,0
chr6,31082864,31088223,CDSN,1,0,0,0,0
chr6,31236526,31239869,HLA-C,1,0,0,0,0
chr6,31321652,31324956,HLA-B,1,0,0,0,1
chr6,31514628,31526606,NFKBIL1,1,0,0,0,0
chr6,31539876,31542101,LTA,1,0,0,0,0
chr6,31543342,31546113,TNF,1,0,0,0,0
chr6,31556672,31560783,NCR3,1,0,0,0,0
chr6,31633857,31637844,CSNK2B,1,0,0,0,0
chr6,31691150,31694491,MPIG6B,1,0,0,0,0
chr6,31707782,31730453,MSH5,1,0,0,0,0
chr6,31745295,31763529,VARS1,1,0,0,0,0
chr6,31825436,31830598,NEU1,1,0,0,1,0
chr6,31830969,31846774,SLC44A4,1,0,0,0,0
chr6,31865560,31913449,C2,1,0,0,0,0
chr6,31913872,31919861,CFB,1,0,0,0,0
chr6,31926952,31937528,SKIC2,1,0,0,1,0
chr6,31949834,31970458,C4A,1,0,0,0,1
chr6,31982572,32003195,C4B,1,0,0,0,1
chr6,32006192,32009421,CYP21A2,1,1,0,1,1
chr6,32008930,32077115,TNXB,1,1,0,1,1
chr6,32361116,32374958,BTNL2,1,0,0,0,0
chr6,32546552,32557625,HLA-DRB1,1,0,0,0,1
chr6,32605183,32611461,HLA-DQA1,1,0,0,0,0
chr6,32627244,32634434,HLA-DQB1,1,0,0,0,0
chr6,32789608,32806516,TAP2,1,0,0,0,0
chr6,32808494,32812456,PSMB8,1,0,0,0,0
chr6,32812986,32821481,TAP1,1,0,0,0,0
chr6,32821969,32827628,PSMB9,1,0,0,0,0
chr6,33043767,33057473,HLA-DPB1,1,0,0,0,0
chr6,33130471,33161296,COL11A2,1,0,0,1,1
chr6,33267471,33281855,TAPBP,1,0,0,0,0
chr6,33387842,33421466,SYNGAP1,1,0,0,0,0
chr6,33589099,33664339,ITPR3,1,0,0,0,0
chr6,33664541,33679477,UQCC2,1,0,0,0,0
chr6,33738990,33756907,LEMD2,1,0,0,0,0
chr6,34204650,34214008,HMGA1,1,0,0,0,1
chr6,34385231,34393846,RPS10,1,0,0,0,1
chr6,35181733,35220856,SCUBE3,1,0,0,0,0
chr6,35420115,35434879,FANCE,1,0,0,1,0
chr6,35465651,35480673,TULP1,1,0,0,1,0
chr6,35541367,35696360,FKBP5,1,0,0,0,0
chr6,35773129,35791847,LHFPL5,1,0,0,0,0
chr6,35911293,35992418,SLC26A8,1,0,0,0,0
chr6,36210945,36281732,PNPLA1,1,0,0,0,0
chr6,38683087,38998568,DNAH8,1,0,0,0,0
chr6,39871946,39902201,MOCS1,1,0,0,1,1
chr6,41126246,41130854,TREM2,1,0,0,0,0
chr6,42141102,42147794,GUCA1A,1,0,0,0,0
chr6,42151022,42162694,GUCA1B,1,0,0,0,0
chr6,42664336,42690335,PRPH2,1,0,0,0,0
chr6,42895740,42907032,CNPY3,1,0,0,0,0
chr6,42928492,42931618,GNMT,1,0,0,0,0
chr6,42931603,42946919,PEX6,1,0,0,1,0
chr6,42952308,42980080,PPP2R5D,1,0,0,0,0
chr6,43005355,43021589,CUL7,1,0,0,0,1
chr6,43484827,43530144,POLR1C,1,0,0,1,0
chr6,43543922,43588260,POLH,1,0,0,1,1
chr6,43588231,43597001,GTPBP2,1,0,0,0,0
chr6,43612773,43640337,RSPH9,1,0,0,0,1
chr6,43737948,43754224,VEGFA,1,0,0,0,0
chr6,44266468,44281084,AARS2,1,0,0,0,0
chr6,45296067,45518819,RUNX2,1,0,0,0,0
chr6,45866188,46097556,CLIC5,1,0,0,0,0
chr6,46671938,46703458,PLA2G7,1,0,0,0,0
chr6,47445525,47594999,CD2AP,1,0,0,0,0
chr6,49398073,49430966,MMUT,1,1,0,1,0
chr6,49572888,49604552,RHAG,1,0,0,0,0
chr6,50786584,50815332,TFAP2B,1,0,0,0,0
chr6,51480097,51952411,PKHD1,1,1,0,1,0
chr6,52101479,52109298,IL17F,1,0,0,0,0
chr6,52285140,52361996,EFHC1,1,0,0,0,0
chr6,52866101,52926622,CILK1,1,0,0,0,0
chr6,53132202,53213748,ELOVL5,1,0,0,0,0
chr6,53362139,53409899,GCLC,1,0,0,0,0
chr6,56322794,56819628,DST,1,0,0,0,0
chr6,57051790,57087105,RAB23,1,0,0,1,0
chr6,64429876,66417119,EYS,1,1,0,1,1
chr6,70383902,70506902,LMBRD1,1,0,0,1,0
chr6,70924764,71012787,COL9A1,1,0,0,0,0
chr6,72596253,73112847,RIMS1,1,0,0,0,0
chr6,73331792,73908576,KCNQ5,1,0,0,0,1
chr6,74072381,74073894,KHDC3L,1,0,0,0,0
chr6,74171460,74218959,MTO1,1,0,0,0,0
chr6,74303102,74363715,SLC17A5,1,0,0,1,0
chr6,75794042,75915769,COL12A1,1,0,0,0,0
chr6,76458956,76629254,MYO6,1,0,0,0,0
chr6,76630831,76782379,IMPG1,1,0,0,0,0
chr6,79644136,79787971,PHIP,1,0,0,0,0
chr6,80194708,80247147,LCA5,1,1,0,1,0
chr6,80624531,80657270,ELOVL4,1,0,0,0,0
chr6,80816327,81172940,BCKDHB,1,1,0,1,0
chr6,82455447,82462398,TENT5A,1,0,0,0,0
chr6,83860447,83903619,PGM3,1,0,0,1,0
chr6,84562948,84567234,RIPPLY2,1,0,0,0,0
chr6,84743491,84800600,MRAP2,1,0,0,0,0
chr6,85442214,85474316,TBX18,1,0,0,0,0
chr6,86159801,86205502,NT5E,1,0,0,0,0
chr6,86215214,86303576,SNX14,1,0,0,0,0
chr6,87865283,87975661,ZNF292,1,0,0,0,0
chr6,88182692,88222054,SLC35A1,1,0,0,0,0
chr6,88223656,88299705,RARS2,1,1,0,1,0
chr6,90636247,91006562,BACH2,1,0,0,0,0
chr6,91223298,91296791,MAP3K7,1,0,0,0,0
chr6,97337191,97345767,NDUFAF4,1,0,0,0,0
chr6,99316411,99395822,FBXL4,1,0,0,0,0
chr6,99880201,99963299,USP45,1,0,0,0,0
chr6,101841584,102517958,GRIK2,1,0,0,0,0
chr6,105175969,105307794,HACE1,1,0,0,0,0
chr6,105544697,105585032,BVES,1,0,0,0,0
chr6,105605775,105627889,POPDC3,1,0,0,0,0
chr6,106632351,106773635,ATG5,1,0,0,0,0
chr6,107018646,107078366,RTN4IP1,1,0,0,0,0
chr6,107077453,107116292,QRSL1,1,0,0,0,0
chr6,107473766,107780768,PDSS2,1,0,0,0,0
chr6,107811321,107982510,SOBP,1,0,0,0,0
chr6,108188960,108279412,SEC63,1,0,0,0,0
chr6,108362613,108395945,OSTM1,1,0,0,1,0
chr6,109169625,109295679,ARMC2,1,0,0,0,0
chr6,109687717,109703670,CD164,1,0,0,0,0
chr6,109783797,109804422,ZBTB24,1,0,0,1,0
chr6,110012499,110146629,FIG4,1,0,0,0,0
chr6,110421022,110500873,WASF1,1,0,0,0,1
chr6,110931181,111137058,CDK19,1,0,0,0,0
chr6,111876584,111927081,TRAF3IP2,1,0,0,0,0
chr6,112375307,112390889,CCN6,1,0,0,1,0
chr6,112429134,112575769,LAMA4,1,0,0,0,0
chr6,116440072,116538307,COL10A1,1,0,0,0,0
chr6,116575334,116766024,DSE,1,0,0,0,0
chr6,116596021,116601093,TSPYL1,1,0,0,0,0
chr6,116937642,116954148,RSPH4A,1,0,0,0,0
chr6,117198405,117253324,RFX6,1,0,0,0,0
chr6,117996632,118031890,NUS1,1,0,0,0,0
chr6,118781935,119031252,CEP85L,1,0,0,0,0
chr6,118869459,118882879,PLN,1,0,0,0,0
chr6,119134618,119256324,MCM9,1,0,0,0,0
chr6,121756792,121770873,GJA1,1,0,0,0,1
chr6,123537484,123958095,TRDN,1,0,0,1,0
chr6,129204283,129837711,LAMA2,1,1,0,1,1
chr6,131894366,131905469,ARG1,1,1,0,1,0
chr6,131895106,131949453,MED23,1,0,0,0,0
chr6,132129160,132216295,ENPP1,1,0,0,0,0
chr6,133001988,133035194,VNN1,1,0,0,0,1
chr6,133562495,133853266,EYA4,1,0,0,0,0
chr6,135502446,135540310,MYB,1,0,0,0,0
chr6,135604670,135818878,AHI1,1,1,0,1,0
chr6,137143730,137235072,PEX7,1,1,0,1,0
chr6,137518621,137540522,IFNGR1,1,0,0,0,0
chr6,138188396,138204449,TNFAIP3,1,0,0,0,0
chr6,138409642,138428556,PERP,1,0,0,0,0
chr6,139224630,139309390,REPS1,1,0,0,0,0
chr6,139692944,139695785,CITED2,1,0,0,0,0
chr6,142623144,142767398,ADGRG6,1,0,0,0,0
chr6,143072606,143266313,HIVEP2,1,0,0,0,0
chr6,143771942,143811753,PEX3,1,0,0,0,0
chr6,144471654,144513076,STX11,1,0,0,1,0
chr6,145946441,146057159,EPM2A,1,0,0,0,0
chr6,146348843,146758737,GRM1,1,0,0,0,0
chr6,148593464,148873180,SASH1,1,0,0,0,0
chr6,149539062,149732743,TAB2,1,0,0,0,0
chr6,149721398,149722414,SUMO4,1,0,0,0,0
chr6,150690148,150727105,IYD,1,0,0,1,0
chr6,151725897,151773261,RMND1,1,0,0,0,0
chr6,151977807,152450754,ESR1,1,0,0,0,0
chr6,152442822,152958497,SYNE1,1,0,0,0,0
chr6,157097160,157531913,ARID1B,1,0,0,0,0
chr6,158530551,158589294,SERAC1,1,0,0,0,0
chr6,158589382,158620376,GTF2H5,1,0,0,0,0
chr6,159393903,159421234,RSPH3,1,0,0,0,0
chr6,160090101,160183313,SOD2,1,0,0,0,0
chr6,160183077,160200144,ACAT2,1,0,0,0,0
chr6,160390114,160532536,IGF2R,1,0,0,0,0
chr6,160952514,161085307,LPA,1,0,0,0,0
chr6,161123225,161175129,PLG,1,0,0,0,1
chr6,161768449,163148798,PRKN,1,0,0,0,0
chr6,165740778,166076729,PDE10A,1,0,0,0,0
chr6,166571144,166582143,TBXT,1,0,0,0,0
chr6,166778407,166796428,MPC1,1,0,0,0,0
chr6,167335601,167370038,RNASET2,1,0,0,0,0
chr6,167412885,167466206,CEP43,1,0,0,0,0
chr6,168841864,169068672,SMOC2,1,0,0,0,0
chr6,169615880,169653941,THBS2,1,0,0,0,0
chr6,170151718,170181696,ERMARD,1,0,0,0,0
chr6,170591294,170600166,DLL1,1,0,0,0,0
chr6,170863457,170881947,TBP,1,0,0,0,0
chr7,192571,300738,FAM20C,1,0,0,0,0
chr7,766336,826112,DNAAF5,1,0,0,0,0
chr7,974014,977604,PRSS2,1,0,0,0,0
chr7,1509913,1544025,INTS1,1,0,0,0,0
chr7,1855431,2272580,MAD1L1,1,0,0,0,0
chr7,2273830,2281840,MRM2,1,0,0,0,0
chr7,2552163,2568811,LFNG,1,0,0,0,0
chr7,2577444,2595158,BRAT1,1,0,0,0,0
chr7,2598613,2654362,IQCE,1,0,0,0,0
chr7,2945776,3083501,CARD11,1,0,0,0,0
chr7,4815254,4834028,AP5Z1,1,0,0,0,0
chr7,5229864,5273486,WIPI2,1,0,0,0,0
chr7,5566779,5570232,ACTB,1,0,0,0,0
chr7,5659678,5821294,RNF216,1,0,0,0,1
chr7,6010556,6048737,PMS2,1,0,0,0,1
chr7,6048903,6063465,AIMP2,1,0,0,0,0
chr7,6061878,6098806,EIF2AK1,1,0,0,0,0
chr7,6414158,6443598,RAC1,1,0,0,0,0
chr7,6500720,6523783,KDELR2,1,0,0,0,0
chr7,8008427,8128710,GLCCI1,1,0,0,0,0
chr7,10971570,10979780,NDUFA4,1,0,0,0,1
chr7,12250920,12282993,TMEM106B,1,0,0,0,0
chr7,16127150,16461163,CRPPA,1,0,0,1,0
chr7,17338276,17385771,AHR,1,0,0,0,0
chr7,19152670,19157259,TWIST1,1,0,0,0,0
chr7,21582657,21941457,DNAH11,1,0,0,1,0
chr7,22766819,22771617,IL6,1,0,0,0,0
chr7,22973830,23053749,HYCC1,1,0,0,1,0
chr7,23145404,23217533,KLHL7,1,0,0,0,0
chr7,23286394,23314727,GPNMB,1,0,0,0,0
chr7,24737974,24797558,GSDME,1,0,0,0,0
chr7,25158275,25164879,CYCS,1,0,0,0,0
chr7,26229547,26240366,HNRNPA2B1,1,0,0,0,1
chr7,26331482,26414003,SNX10,1,0,0,0,0
chr7,27132612,27135619,HOXA1,1,0,0,0,0
chr7,27139973,27142302,HOXA2,1,0,0,0,0
chr7,27220776,27224851,HOXA11,1,0,0,0,0
chr7,27233983,27239710,HOXA13,1,0,0,0,0
chr7,30050203,30066318,FKBP14,1,0,0,0,0
chr7,30634351,30673649,GARS1,1,0,0,0,0
chr7,30951468,30965131,AQP1,1,0,0,0,0
chr7,31003568,31019143,GHRHR,1,0,0,0,0
chr7,31726829,31748069,PPP1R17,1,0,0,0,0
chr7,31790793,32467836,PDE1C,1,0,0,0,0
chr7,33053725,33102388,NT5C3A,1,0,0,0,1
chr7,33134409,33149016,RP9,1,0,0,0,1
chr7,33168897,33675379,BBS9,1,0,0,1,0
chr7,33944527,34196039,BMPER,1,0,0,0,0
chr7,34697830,34917944,NPSR1,1,0,0,0,1
chr7,35242042,35293711,TBX20,1,0,0,0,1
chr7,36429471,36493400,ANLN,1,0,0,0,0
chr7,37888199,37939999,NME8,1,0,0,0,0
chr7,37945534,37956419,SFRP4,1,0,0,0,0
chr7,39017509,39508200,POU6F2,1,0,0,0,0
chr7,39989855,40139179,CDK13,1,0,0,0,0
chr7,40165626,40174221,MPLKIP,1,0,0,0,0
chr7,40174604,40900362,SUGCT,1,0,0,0,1
chr7,42000547,42276808,GLI3,1,0,0,0,0
chr7,43798279,43846941,BLVRA,1,0,0,0,0
chr7,44102326,44105166,PGAM2,1,0,0,0,0
chr7,44143944,44154159,AEBP1,1,0,0,0,1
chr7,44182812,44229038,GCK,1,0,0,0,0
chr7,44256753,44365193,CAMK2B,1,0,0,0,0
chr7,44552134,44580929,NPC1L1,1,0,0,0,0
chr7,44646226,44748665,OGDH,1,0,0,0,0
chr7,45039345,45116069,CCM2,1,0,0,0,0
chr7,45613739,45762715,ADCY1,1,0,0,0,0
chr7,47814212,47988063,PKD1L1,1,0,0,0,0
chr7,50343660,50472799,IKZF1,1,0,0,0,0
chr7,50526140,50633102,DDC,1,0,0,1,0
chr7,55086710,55279321,EGFR,1,0,0,0,0
chr7,56078757,56119137,PSPH,1,0,0,0,1
chr7,56169266,56174169,CHCHD2,1,0,0,0,0
chr7,65425671,65447200,GUSB,1,0,0,1,1
chr7,65540806,65558563,ASL,1,1,0,1,1
chr7,66093868,66108216,KCTD7,1,0,0,0,0
chr7,66452667,66460573,SBDS,1,0,0,1,1
chr7,69063461,70258492,AUTS2,1,0,0,0,0
chr7,73442503,73484237,ELN,1,0,0,0,0
chr7,74188358,74203659,NCF1,1,0,0,0,1
chr7,75544473,75616173,POR,1,0,0,1,0
chr7,75677424,75696826,MDH2,1,0,0,0,0
chr7,75931990,75933609,HSPB1,1,0,0,0,0
chr7,75956116,75988308,YWHAG,1,0,0,0,0
chr7,76026839,76071386,ZP3,1,0,0,0,1
chr7,77166612,77269386,PTPN12,1,0,0,0,0
chr7,77646372,79082983,MAGI2,1,0,0,0,0
chr7,80231523,80308590,CD36,1,0,0,0,1
chr7,81328326,81399363,HGF,1,0,0,0,0
chr7,82383328,82792200,PCLO,1,0,0,0,0
chr7,82992554,83278455,SEMA3E,1,0,0,0,0
chr7,83585093,83824105,SEMA3A,1,0,0,0,0
chr7,87031012,87104996,ABCB4,1,0,0,1,0
chr7,87132333,87342611,ABCB1,1,0,0,0,0
chr7,87563566,87832204,ADAM22,1,0,0,0,0
chr7,89874488,89940377,CFAP69,1,0,0,0,0
chr7,91570176,91739987,AKAP9,1,0,0,0,0
chr7,91828283,91875414,KRIT1,1,0,0,0,0
chr7,92076796,92089389,GATAD1,1,0,0,0,0
chr7,92116339,92157834,PEX1,1,1,0,1,1
chr7,92234235,92465887,CDK6,1,0,0,0,0
chr7,92728831,92747292,SAMD9,1,0,0,1,0
chr7,92759369,92777698,SAMD9L,1,0,0,0,0
chr7,93053798,93204036,CALCR,1,0,0,0,0
chr7,94024207,94060539,COL1A2,1,0,0,0,0
chr7,94214292,94285445,SGCE,1,0,0,0,0
chr7,94926988,94953844,PON1,1,0,0,0,0
chr7,95034174,95064340,PON2,1,0,0,0,0
chr7,95749532,95951410,SLC25A13,1,1,0,1,0
chr7,96649708,96654143,DLX5,1,0,0,0,0
chr7,97480989,97557753,ASNS,1,0,0,1,1
chr7,98476155,98610864,TRRAP,1,0,0,0,0
chr7,98972353,98992439,ARPC1B,1,0,0,0,0
chr7,99245817,99277619,CYP3A5,1,0,0,0,0
chr7,99354590,99381807,CYP3A4,1,0,0,0,0
chr7,99699266,99706662,AP4M1,1,0,0,0,0
chr7,99704693,99717481,TAF6,1,0,0,0,0
chr7,99752046,99756346,TRAPPC14,1,0,0,0,0
chr7,99775347,99812010,STAG3,1,0,1,0,0
chr7,100218043,100239175,TFR2,1,0,0,1,0
chr7,100240720,100254071,ACTL6B,1,0,0,0,0
chr7,100318091,100321323,EPO,1,0,0,0,0
chr7,100400187,100425145,EPHB4,1,0,0,0,0
chr7,100487615,100494614,ACHE,1,0,0,0,0
chr7,100770385,100782528,SERPINE1,1,0,0,0,0
chr7,100797757,100804557,AP1S1,1,0,0,1,0
chr7,100849265,100860862,PLOD3,1,0,0,0,0
chr7,101459287,101927250,CUX1,1,0,0,0,0
chr7,102937882,102955133,PMPCB,1,0,0,0,0
chr7,102993177,103086654,SLC26A5,1,0,0,0,0
chr7,103112236,103630105,RELN,1,0,0,0,0
chr7,104654652,104755466,KMT2E,1,0,0,0,0
chr7,105096948,105162718,PUS7,1,0,0,0,0
chr7,105172648,105208124,RINT1,1,0,0,0,0
chr7,106841817,107204365,COG5,1,0,0,0,0
chr7,107301273,107358254,SLC26A4,1,1,0,1,0
chr7,107405914,107443668,SLC26A3,1,0,0,1,0
chr7,107531552,107561643,DLD,1,1,0,1,0
chr7,107564244,107643606,LAMB1,1,0,0,0,0
chr7,108110861,108168622,PNPLA8,1,0,0,0,1
chr7,113516832,113559064,PPP1R3A,1,0,0,0,0
chr7,113726382,114333820,FOXP2,1,0,0,0,0
chr7,116165063,116201239,CAV1,1,0,0,0,0
chr7,116312250,116438431,MET,1,0,0,0,0
chr7,117120079,117308719,CFTR,1,1,1,1,1
chr7,120427374,120498198,TSPAN12,1,0,0,0,0
chr7,121713603,121784303,AASS,1,0,0,0,0
chr7,121941357,121944804,FEZF1,1,0,0,0,0
chr7,122634758,122635754,TAS2R16,1,0,0,0,0
chr7,124462440,124569879,POT1,1,0,0,0,0
chr7,127250346,127258196,PAX4,1,0,0,0,0
chr7,127881331,127897682,LEP,1,0,0,0,0
chr7,127937738,127983962,RBM28,1,0,0,0,0
chr7,128032331,128050036,IMPDH1,1,0,0,0,0
chr7,128412539,128415848,OPN1SW,1,0,0,0,0
chr7,128470460,128499326,FLNC,1,0,0,0,1
chr7,128577086,128590092,IRF5,1,0,0,0,0
chr7,128594239,128695165,TNPO3,1,0,0,0,0
chr7,128828474,128853386,SMO,1,0,0,0,0
chr7,129414532,129414609,MIR96,1,0,0,0,0
chr7,130033612,130080857,CEP41,1,0,0,1,0
chr7,134331605,134364568,BPGM,1,0,0,0,0
chr7,135242665,135333501,NUP205,1,0,0,0,0
chr7,137761205,137803051,AKR1D1,1,0,0,0,1
chr7,138391039,138482941,ATP6V0A4,1,0,0,0,0
chr7,138516126,138666135,KIAA1549,1,0,0,0,0
chr7,139478041,139720093,TBXAS1,1,0,0,0,0
chr7,140413128,140624729,BRAF,1,0,0,0,1
chr7,141251210,141355044,AGK,1,0,0,0,1
chr7,141408153,141431071,WEE2,1,0,0,0,0
chr7,141438121,141450288,SSBP1,1,0,0,0,0
chr7,141672431,141673573,TAS2R38,1,0,0,0,0
chr7,142457323,142460923,PRSS1,1,0,0,0,0
chr7,142568961,142583490,TRPV6,1,0,0,0,0
chr7,142638201,142659450,KEL,1,0,0,0,0
chr7,143013204,143049176,CLCN1,1,1,0,1,0
chr7,144094333,144107320,NOBOX,1,0,1,0,0
chr7,144149034,144533146,TPK1,1,0,0,0,0
chr7,145813893,148118090,CNTNAP2,1,0,0,0,0
chr7,148504475,148581383,EZH2,1,0,0,0,1
chr7,150642049,150675409,KCNH2,1,0,0,0,0
chr7,150688105,150711676,NOS3,1,0,0,0,0
chr7,150750902,150754984,CDK5,1,0,0,0,1
chr7,150872785,150884879,ASB10,1,0,0,0,0
chr7,151253213,151574200,PRKAG2,1,0,0,0,0
chr7,151832010,152133088,KMT2C,1,0,0,0,1
chr7,152341861,152373226,XRCC2,1,0,0,0,0
chr7,153445218,154685995,DPP6,1,0,0,0,0
chr7,155592674,155605157,SHH,1,0,0,0,0
chr7,156461706,156685877,LMBR1,1,0,0,0,0
chr7,156797548,156803357,MNX1,1,0,0,0,0
chr7,157129698,157210133,DNAJB6,1,0,0,0,0
chr7,158423861,158497495,NCAPG2,1,0,0,0,0
chr7,158631936,158738880,DYNC2I1,1,0,0,0,0
chr8,1711955,1734736,CLN8,1,0,0,1,0
chr8,1772092,1906807,ARHGEF10,1,0,0,0,0
chr8,6264148,6506029,MCPH1,1,1,0,1,0
chr8,8640864,8751140,MFHAS1,1,0,0,0,0
chr8,10463859,10512653,RP1L1,1,0,0,0,0
chr8,11351896,11422108,BLK,1,0,0,0,0
chr8,11534444,11617511,GATA4,1,0,0,0,0
chr8,11653091,11696807,FDFT1,1,0,0,0,0
chr8,11700033,11725596,CTSB,1,0,0,0,0
chr8,12940870,13462129,DLC1,1,0,0,0,0
chr8,15274697,15709600,TUSC3,1,0,0,0,0
chr8,15965390,16050160,MSR1,1,0,0,0,0
chr8,16849690,16859854,FGF20,1,0,0,0,0
chr8,17104467,17190964,VPS37A,1,0,0,0,0
chr8,17433942,17500653,PDGFRL,1,0,0,0,0
chr8,17913501,17942470,ASAH1,1,0,0,1,0
chr8,18248792,18258728,NAT2,1,0,0,0,0
chr8,19261672,19615419,CSGALNACT1,1,0,0,0,0
chr8,19796764,19824770,LPL,1,0,0,1,0
chr8,20054892,20079207,ATP6V1B2,1,0,0,0,0
chr8,20103676,20161474,LZTS1,1,0,0,0,0
chr8,21900264,21906320,FGF17,1,0,0,0,0
chr8,21971932,21988565,HR,1,0,0,0,0
chr8,22014896,22021992,SFTPC,1,0,0,0,0
chr8,22022885,22069839,BMP1,1,0,0,1,0
chr8,22224791,22291642,SLC39A14,1,0,0,0,0
chr8,22844764,22877712,RHOBTB2,1,0,0,0,0
chr8,22877646,22926544,TNFRSF10B,1,0,0,0,0
chr8,23559253,23564269,NKX2-6,1,0,0,0,0
chr8,24808468,24814126,NEFL,1,0,0,0,1
chr8,25276774,25282556,GNRH1,1,0,0,0,0
chr8,27317273,27336778,CHRNA2,1,0,0,0,0
chr8,27348660,27406143,EPHX2,1,0,0,0,0
chr8,27632071,27662833,ESCO2,1,0,0,1,0
chr8,28559018,28613116,EXTL3,1,0,0,0,0
chr8,30435835,30515753,GTF2E2,1,0,0,0,0
chr8,30535583,30585363,GSR,1,0,0,0,0
chr8,30689060,30770524,TEX15,1,0,0,0,0
chr8,30891326,31033654,WRN,1,0,0,1,0
chr8,31496761,32631564,NRG1,1,0,0,0,0
chr8,33356240,33370653,TTI2,1,0,0,0,0
chr8,37594152,37615940,ERLIN2,1,0,0,0,0
chr8,37620064,37637286,PLPBP,1,0,0,0,0
chr8,37820508,37824117,ADRB3,1,0,0,0,0
chr8,38000218,38008470,STAR,1,1,0,1,1
chr8,38089103,38120354,DDHD2,1,0,0,0,0
chr8,38268661,38326153,FGFR1,1,0,0,0,0
chr8,38854492,38962780,ADAM9,1,0,0,0,0
chr8,41510744,41754259,ANK1,1,0,0,0,0
chr8,41786997,41909505,KAT6A,1,0,0,0,0
chr8,42032236,42065083,PLAT,1,0,0,0,0
chr8,42128820,42189978,IKBKB,1,0,0,1,0
chr8,42273993,42397097,SLC20A2,1,0,0,0,0
chr8,42691817,42698468,THAP1,1,0,0,0,0
chr8,42704780,42751748,RNF170,1,0,0,0,0
chr8,42948658,42978577,POMK,1,0,0,0,0
chr8,42995607,43057998,HGSNAT,1,1,0,1,0
chr8,48685672,48872696,PRKDC,1,0,0,0,0
chr8,48873501,48890720,MCM4,1,0,0,0,0
chr8,49830157,49833988,SNAI2,1,0,0,0,0
chr8,53535018,53626995,RB1CC1,1,0,0,0,0
chr8,55370495,55373452,SOX17,1,0,0,0,0
chr8,55471745,55783794,RP1,1,0,0,0,0
chr8,57073468,57123832,PLAG1,1,0,0,0,0
chr8,57870490,57906426,BPNT2,1,0,0,0,0
chr8,61097971,61193959,CA8,1,0,0,0,0
chr8,61591299,61780587,CHD7,1,0,0,0,0
chr8,62413115,62627151,ASPH,1,0,0,0,0
chr8,63970968,63998612,TTPA,1,0,0,1,0
chr8,65499132,65711294,CYP7B1,1,1,0,1,0
chr8,67976603,68108849,CSPP1,1,0,0,1,1
chr8,68334273,68658595,CPA6,1,0,0,0,0
chr8,72109668,72460329,EYA1,1,0,0,0,0
chr8,72933485,72987819,TRPA1,1,0,0,0,1
chr8,74888430,74895018,TMEM70,1,0,0,0,0
chr8,75146935,75233775,JPH1,1,0,0,0,0
chr8,75262638,75401107,GDAP1,1,0,0,1,0
chr8,77593482,77779517,ZFHX4,1,0,0,0,0
chr8,77892494,77913280,PEX2,1,0,0,1,0
chr8,79645007,79717698,IL7,1,0,0,0,0
chr8,80830952,80942494,MRPS28,1,0,0,0,0
chr8,82352561,82359674,PMP2,1,0,0,0,0
chr8,82569149,82598560,IMPA1,1,0,0,0,1
chr8,86376236,86393722,CA2,1,0,0,0,0
chr8,87586407,87755862,CNGB3,1,1,0,1,1
chr8,90945559,90996895,NBN,1,1,0,1,0
chr8,92082572,92099321,OTUD6B,1,0,0,0,0
chr8,94712778,94743755,CIBAR1,1,0,0,0,0
chr8,94767072,94831466,TMEM67,1,0,0,1,0
chr8,94929151,94938296,PDP1,1,0,0,0,0
chr8,95384188,95487343,RAD54B,1,0,0,0,0
chr8,95653402,95719694,ESRP1,1,0,0,0,0
chr8,95835515,95893974,INTS8,1,0,0,0,0
chr8,95908027,96130724,NDUFAF6,1,0,0,1,0
chr8,96257141,96281429,CFAP418,1,0,0,0,0
chr8,97154561,97173034,GDF6,1,0,0,0,0
chr8,97235175,97247773,UQCRB,1,0,0,0,0
chr8,97274130,97349223,PTDSS1,1,0,0,0,0
chr8,99129521,99172063,POP1,1,0,0,0,0
chr8,100025502,100889808,VPS13B,1,0,0,1,0
chr8,101170266,101254132,SPAG1,1,0,0,0,0
chr8,102504667,102681954,GRHL2,1,0,0,0,0
chr8,103216729,103251189,RRM2B,1,0,0,0,0
chr8,104310722,104345094,FZD6,1,0,0,0,0
chr8,104383766,104395217,CTHRC1,1,0,0,0,0
chr8,104410866,104427335,SLC25A32,1,0,0,0,0
chr8,104512838,105268322,RIMS2,1,0,0,0,0
chr8,105391659,105479283,DPYS,1,0,0,0,0
chr8,105501464,105601486,LRP12,1,0,0,0,0
chr8,106330666,106816767,ZFPM2,1,0,0,0,1
chr8,107282406,107764922,OXR1,1,0,0,0,1
chr8,108911544,109095848,RSPO2,1,0,0,0,0
chr8,110098814,110133794,TRHR,1,0,0,0,0
chr8,116420724,116681202,TRPS1,1,0,0,0,0
chr8,117858173,117887015,RAD21,1,0,0,0,0
chr8,117962456,118188953,SLC30A8,1,0,0,0,0
chr8,118806729,119124065,EXT1,1,0,0,0,0
chr8,119144064,119634202,SAMD12,1,0,0,0,0
chr8,119935796,119964124,TNFRSF11B,1,0,0,0,0
chr8,119964502,120120694,COLEC10,1,0,0,0,0
chr8,120743014,120845081,TAF2,1,0,0,0,0
chr8,125487121,125500859,RNF139,1,0,0,0,0
chr8,125551364,125562220,NDUFB9,1,0,0,0,0
chr8,126036502,126104034,WASHC5,1,0,0,0,0
chr8,126104102,126379362,NSMCE2,1,0,0,0,0
chr8,128747680,128755197,MYC,1,0,0,0,0
chr8,133133108,133493342,KCNQ3,1,0,0,0,0
chr8,133582664,133687791,DNAAF11,1,0,0,0,0
chr8,133879203,134147143,TG,1,0,0,1,0
chr8,134249418,134309495,NDRG1,1,1,0,1,0
chr8,135490031,135725274,ZFAT,1,0,0,0,0
chr8,140613081,140715366,KCNK9,1,0,0,0,0
chr8,140739968,141468678,TRAPPC9,1,0,0,0,0
chr8,141530255,141645732,AGO2,1,0,0,0,0
chr8,143822367,143823824,SLURP1,1,0,0,0,0
chr8,143953773,143961241,CYP11B1,1,1,0,1,1
chr8,143991975,143999259,CYP11B2,1,0,0,1,1
chr8,144295093,144299044,GPIHBP1,1,0,0,0,0
chr8,144510234,144512902,MAFA,1,0,0,0,0
chr8,144806103,144815949,FAM83H,1,0,0,0,0
chr8,144898514,144911485,PUF60,1,0,0,0,0
chr8,144989321,145050913,PLEC,1,0,0,0,0
chr8,145106167,145115595,OPLAH,1,0,0,0,0
chr8,145137537,145141119,GPAA1,1,0,0,0,0
chr8,145149979,145152428,CYC1,1,0,0,0,0
chr8,145538247,145550515,DGAT1,1,0,0,1,0
chr8,145582212,145584932,SLC52A2,1,0,0,0,0
chr8,145618446,145634719,CPSF1,1,0,0,0,1
chr8,145637798,145642228,SLC39A4,1,0,0,1,0
chr8,145654158,145669823,TONSL,1,0,0,0,0
chr8,145736671,145743217,RECQL4,1,0,0,1,0
chr9,214865,465255,DOCK8,1,0,0,0,0
chr9,470295,746103,KANK1,1,0,0,0,1
chr9,2015347,2193620,SMARCA2,1,0,0,0,0
chr9,2621787,2660056,VLDLR,1,0,0,1,0
chr9,2717510,2730037,KCNV2,1,0,0,0,0
chr9,3824127,4300068,GLIS3,1,0,0,0,0
chr9,4490468,4587469,SLC1A1,1,0,0,0,0
chr9,4984390,5129948,JAK2,1,0,0,0,1
chr9,5629107,5776557,RIC1,1,0,0,0,0
chr9,6532467,6645729,GLDC,1,1,0,1,1
chr9,12693385,12710285,TYRP1,1,0,0,1,0
chr9,13105706,13279691,MPDZ,1,0,0,0,0
chr9,14081842,14532075,NFIB,1,0,0,0,0
chr9,14737150,14910993,FREM1,1,0,0,0,0
chr9,16409501,16870668,BNC2,1,0,0,0,0
chr9,21440438,21441315,IFNA1,1,0,0,0,1
chr9,21802635,21941114,MTAP,1,0,0,0,0
chr9,21967751,21995323,CDKN2A,1,0,0,0,0
chr9,26903370,26947240,PLAA,1,0,0,0,0
chr9,26947108,27066132,IFT74,1,0,0,0,0
chr9,27109223,27230172,TEK,1,0,0,0,0
chr9,27546544,27573864,C9orf72,1,0,0,0,0
chr9,32455300,32526194,RIGI,1,0,0,0,0
chr9,32540542,32552584,TOPORS,1,0,0,0,0
chr9,32972614,33025118,APTX,1,0,0,0,1
chr9,33104075,33167334,B4GALT1,1,0,0,0,0
chr9,33383189,33402566,AQP7,1,0,0,0,0
chr9,33441158,33447591,AQP3,1,0,0,0,0
chr9,34179003,34252521,UBAP1,1,0,0,0,0
chr9,34366664,34376896,MYORG,1,0,0,0,0
chr9,34458803,34520982,DNAI1,1,0,0,1,0
chr9,34634719,34637784,SIGMAR1,1,0,0,0,0
chr9,34646672,34651032,GALT,1,1,1,1,0
chr9,34652182,34661899,IL11RA,1,0,0,0,0
chr9,35056061,35072622,VCP,1,0,0,0,0
chr9,35073836,35079939,FANCG,1,0,0,1,0
chr9,35088685,35096588,PIGO,1,0,0,0,0
chr9,35490108,35561892,RUSC2,1,0,0,0,0
chr9,35657747,35658016,RMRP,1,1,0,1,0
chr9,35681990,35690053,TPM2,1,0,0,0,0
chr9,35736863,35749225,GBA2,1,0,0,0,0
chr9,35791588,35809728,NPR2,1,0,0,0,0
chr9,36214438,36276975,GNE,1,0,0,1,0
chr9,36833266,37034265,PAX5,1,0,0,0,0
chr9,37422693,37436987,GRHPR,1,0,0,1,0
chr9,37779711,37785089,EXOSC3,1,0,0,1,1
chr9,71627420,71629029,PRKACG,1,0,0,0,0
chr9,71650668,71693992,FXN,1,1,0,1,0
chr9,71736180,71870124,TJP2,1,0,0,1,0
chr9,73424891,73425000,MIR204,1,0,0,0,0
chr9,75136524,75453213,TMC1,1,0,0,1,0
chr9,77112251,77308093,RORB,1,0,0,0,0
chr9,77337411,77502837,TRPM6,1,0,0,0,0
chr9,79792450,80036453,VPS13A,1,0,0,1,0
chr9,80331013,80646727,GNAQ,1,0,0,0,1
chr9,80850991,80894606,CEP78,1,0,0,0,0
chr9,80912041,80945009,PSAT1,1,0,0,0,0
chr9,86582998,86595530,HNRNPK,1,0,0,0,0
chr9,87283437,87641969,NTRK2,1,0,0,0,0
chr9,88161454,88356944,AGTPBP1,1,0,0,0,0
chr9,88879461,88897453,ISCA1,1,0,0,0,0
chr9,91933415,91974578,SECISBP2,1,0,0,0,0
chr9,93976105,94124200,AUH,1,0,0,0,0
chr9,94484883,94712510,ROR2,1,0,0,0,0
chr9,94793429,94877695,SPTLC1,1,0,0,0,1
chr9,94972489,95055979,IARS1,1,0,0,0,0
chr9,95218487,95244788,ASPN,1,0,0,0,0
chr9,95473645,95527115,BICD2,1,0,0,0,0
chr9,97365415,97402545,FBP1,1,0,0,1,0
chr9,97861336,98079991,FANCC,1,1,0,1,0
chr9,98205262,98279253,PTCH1,1,0,0,0,0
chr9,98637973,98803374,ERCC6L2,1,0,0,0,0
chr9,98997588,99064458,HSD17B3,1,1,0,1,0
chr9,100174378,100258407,TDRD7,1,0,0,0,0
chr9,100437191,100459622,XPA,1,1,0,1,0
chr9,100615508,100618999,FOXE1,1,0,0,0,0
chr9,100819014,100845359,NANS,1,0,0,0,0
chr9,101050391,101471217,GABBR2,1,0,0,0,0
chr9,101494291,101558837,ANKS6,1,0,0,0,0
chr9,101569952,101612363,GALNT12,1,0,0,0,0
chr9,101865929,101916474,TGFBR1,1,0,0,0,0
chr9,101978707,101984224,ALG2,1,0,0,0,0
chr9,102584167,102629173,NR4A3,1,0,0,0,0
chr9,102861525,103064457,INVS,1,0,0,1,0
chr9,104122699,104147288,BAAT,1,0,0,0,1
chr9,104182842,104198056,ALDOB,1,1,0,1,0
chr9,107543287,107690436,ABCA1,1,0,0,0,0
chr9,108006932,108200785,SLC44A1,1,0,0,0,0
chr9,108320411,108403399,FKTN,1,1,0,1,0
chr9,108424738,108425405,TAL2,1,0,0,0,0
chr9,108456822,108538910,TMEM38B,1,0,0,0,0
chr9,109625447,109775915,ZNF462,1,0,0,0,0
chr9,111629797,111696404,ELP1,1,1,0,1,0
chr9,111892573,111929529,FRRS1L,1,0,0,0,0
chr9,113431071,113568838,MUSK,1,0,0,1,0
chr9,116037938,116055185,PRPF4,1,0,0,0,0
chr9,116148592,116163564,ALAD,1,0,0,0,0
chr9,116917817,117074791,COL27A1,1,0,0,1,0
chr9,117164360,117267753,WHRN,1,0,0,1,0
chr9,117781854,117880436,TNC,1,0,0,0,0
chr9,119449584,119463578,TRIM32,1,0,0,1,0
chr9,123151153,123342445,CDK5RAP2,1,0,0,0,0
chr9,123714613,123837143,C5,1,0,0,0,0
chr9,123963761,124095120,GSN,1,0,0,0,0
chr9,126118476,126142605,CRB2,1,0,0,0,0
chr9,126141937,126692405,DENND1A,0,0,1,0,0
chr9,127243515,127269678,NR5A1,1,0,1,0,0
chr9,127620162,127624236,RPL35,1,0,0,0,0
chr9,129376207,129463311,LMX1B,1,0,0,0,0
chr9,130213765,130265780,LRSAM1,1,0,0,0,0
chr9,130374191,130458308,STXBP1,1,0,0,0,0
chr9,130548197,130548286,MIR2861,1,0,0,0,0
chr9,130577295,130616937,ENG,1,0,0,0,0
chr9,130628759,130641900,AK1,1,0,0,0,0
chr9,130697378,130700133,DPM2,1,0,0,0,0
chr9,130965658,131017523,DNM1,1,0,0,0,1
chr9,131085118,131096351,COQ4,1,0,0,0,0
chr9,131102806,131123749,SLC27A4,1,0,0,1,0
chr9,131266971,131304567,GLE1,1,0,0,1,0
chr9,131314866,131395941,SPTAN1,1,0,0,0,0
chr9,131395932,131419126,DYNC2I2,1,0,0,0,0
chr9,131445703,131458675,SET,1,0,0,0,0
chr9,131644412,131680318,LRRC8A,1,0,0,0,0
chr9,131707809,131709882,DOLK,1,0,0,0,0
chr9,131709978,131769375,NUP188,1,0,0,0,0
chr9,131857073,131873072,CRAT,1,0,0,0,0
chr9,132575221,132586415,TOR1A,1,0,0,0,0
chr9,133320094,133376661,ASS1,1,1,0,1,0
chr9,133539981,133558370,PRDM12,1,0,0,0,0
chr9,133569147,133580281,EXOSC2,1,0,0,0,0
chr9,133588430,133763062,ABL1,1,0,0,0,0
chr9,133884561,133969860,LAMC3,1,0,0,0,0
chr9,134000973,134110050,NUP214,1,0,0,0,0
chr9,134378305,134399186,POMT1,1,0,0,1,0
chr9,135037445,135119913,NTNG2,1,0,0,0,0
chr9,135136743,135230373,SETX,1,0,0,0,0
chr9,135766736,135820003,TSC1,1,0,0,0,0
chr9,135820918,135867074,GFI1B,1,0,0,0,0
chr9,135937368,135947248,CEL,1,0,0,0,1
chr9,136125788,136150617,ABO,1,0,0,0,0
chr9,136218613,136223363,SURF1,1,0,0,1,0
chr9,136279457,136324508,ADAMTS13,1,0,0,0,0
chr9,136379708,136390081,MYMK,1,0,0,0,0
chr9,136397286,136440641,ADAMTSL2,1,0,0,0,1
chr9,136501485,136524451,DBH,1,0,0,0,0
chr9,136528682,136605077,SARDH,1,0,0,0,0
chr9,137533649,137736689,COL5A1,1,0,0,0,0
chr9,138391811,138396519,MRPS2,1,0,0,0,0
chr9,138585253,138591327,SOHLH1,1,0,0,0,0
chr9,138594031,138687348,KCNT1,1,0,0,0,0
chr9,139088096,139096974,LHX3,1,1,0,1,0
chr9,139258408,139268121,CARD9,1,0,0,0,0
chr9,139305110,139318213,PMPCA,1,0,0,0,1
chr9,139323071,139334297,INPP5E,1,0,0,1,0
chr9,139388885,139440500,NOTCH1,1,0,0,0,0
chr9,139567595,139581909,AGPAT2,1,0,0,0,0
chr9,139901686,139923374,ABCA2,1,0,0,0,0
chr9,139981437,140003635,MAN1B1,1,0,0,0,0
chr9,140033606,140063208,GRIN1,1,0,0,0,0
chr9,140086071,140095193,TPRN,1,0,0,0,0
chr9,140125209,140131007,SLC34A3,1,0,0,0,0
chr9,140135739,140138159,TUBB4B,1,0,0,0,0
chr9,140342022,140353786,NSMF,1,0,0,0,0
chr9,140513457,140730579,EHMT1,1,0,0,0,0
chr9,140772234,141019071,CACNA1B,1,0,0,0,0
chr10,92828,122561,TUBB8,1,0,0,0,1
chr10,176028,300577,ZMYND11,1,0,0,0,0
chr10,1102325,1178312,WDR37,1,0,0,0,0
chr10,3818188,3827401,KLF6,1,0,0,0,0
chr10,5029967,5060192,AKR1C2,1,0,0,0,1
chr10,5238800,5260912,AKR1C4,1,0,0,0,0
chr10,6052652,6104330,IL2RA,1,0,0,0,0
chr10,8096651,8117161,GATA3,1,0,0,0,0
chr10,12110953,12165220,DHTKD1,1,0,0,0,0
chr10,13142082,13180308,OPTN,1,0,0,0,0
chr10,13319799,13342064,PHYH,1,0,0,1,0
chr10,13685706,14372923,FRMD4A,1,0,0,0,0
chr10,14939358,14996431,DCLRE1C,1,0,0,1,1
chr10,15555953,15761921,ITGA8,1,0,0,0,0
chr10,16865965,17171810,CUBN,1,0,0,0,1
chr10,17270240,17279592,VIM,1,0,0,0,0
chr10,18429353,18832486,CACNB2,1,0,0,0,0
chr10,21822685,22032559,MLLT10,1,0,0,0,1
chr10,23481241,23483174,PTF1A,1,0,0,0,0
chr10,26223158,26501461,MYO3A,1,0,0,0,0
chr10,26986630,27035727,PDSS1,1,0,0,0,1
chr10,27293045,27389423,ANKRD26,1,0,0,0,1
chr10,27399040,27443313,YME1L1,1,0,0,0,1
chr10,27471767,27531040,ACBD5,1,0,0,0,0
chr10,27793233,27831168,RAB18,1,0,0,0,0
chr10,28101097,28288008,ODAD2,1,0,0,0,0
chr10,28821708,28912041,WAC,1,0,0,0,0
chr10,29746267,30025865,SVIL,1,0,0,0,0
chr10,30598730,30638207,MTPAP,1,0,0,0,0
chr10,30722950,30750762,MAP3K8,1,0,0,0,0
chr10,31607346,31818732,ZEB1,1,0,0,0,0
chr10,43278243,43330385,BMS1,1,0,0,0,1
chr10,43572517,43625799,RET,1,0,0,0,0
chr10,44865613,44880545,CXCL12,1,0,0,0,0
chr10,45869664,45941565,ALOX5,1,0,0,0,0
chr10,48381481,48390999,RBP3,1,0,0,0,0
chr10,48411774,48416908,GDF2,1,0,0,0,0
chr10,50642927,50747584,ERCC6,1,1,0,1,0
chr10,50817141,50875988,CHAT,1,0,0,1,0
chr10,50818356,50820766,SLC18A3,1,0,0,0,0
chr10,51549553,51562509,MSMB,1,0,0,0,0
chr10,52750648,54058110,PRKG1,1,0,0,0,0
chr10,54525140,54532544,MBL2,1,0,0,0,0
chr10,55562531,57387702,PCDH15,1,1,0,1,1
chr10,60145170,60158980,TFAM,1,0,0,0,1
chr10,60272632,60591195,BICC1,1,0,0,0,0
chr10,61786056,62493286,ANK3,1,0,0,0,0
chr10,64134128,64240044,ZNF365,1,0,0,0,0
chr10,64571756,64578927,EGR2,1,0,0,0,0
chr10,67672281,69455953,CTNNA3,1,0,0,0,0
chr10,69556427,69597946,DNAJC12,1,0,0,0,0
chr10,69865764,69971774,MYPN,1,0,0,0,0
chr10,69990352,69991870,ATOH7,1,0,0,0,0
chr10,70173821,70231878,DNA2,1,0,0,0,0
chr10,70587288,70655188,STOX1,1,0,0,0,0
chr10,70748559,70776738,KIFBP,1,0,0,0,0
chr10,71029756,71161638,HK1,1,0,0,0,0
chr10,71331454,71333178,NEUROG3,1,0,0,0,0
chr10,71561662,71718900,COL13A1,1,0,0,0,0
chr10,72191692,72207707,NODAL,1,0,0,0,0
chr10,72357104,72362497,PRF1,1,1,0,1,0
chr10,72575704,72640941,SGPL1,1,0,0,0,0
chr10,72642037,72648322,PCBD1,1,0,0,1,0
chr10,73079016,73123142,SLC29A3,1,0,0,0,0
chr10,73156677,73575704,CDH23,1,0,0,1,0
chr10,73576055,73611008,PSAP,1,0,0,1,0
chr10,73724153,73773316,CHST3,1,0,0,0,0
chr10,73855790,73976892,ASCC1,1,0,0,0,0
chr10,74127098,74385837,MICU1,1,0,0,0,0
chr10,74927877,75004262,FAM149B1,1,0,0,0,1
chr10,75008607,75012402,MRPS16,1,0,0,0,0
chr10,75013520,75118622,CFAP70,1,0,0,0,0
chr10,75572259,75634313,CAMK2G,1,0,0,0,0
chr10,75670890,75677252,PLAU,1,0,0,0,0
chr10,75757874,75881121,VCL,1,0,0,0,0
chr10,75910979,76469048,ADK,1,0,0,1,1
chr10,76585013,76792382,KAT6B,1,0,0,0,0
chr10,77191382,78319926,LRMDA,1,0,0,0,0
chr10,78629360,79397566,KCNMA1,1,0,0,0,0
chr10,79734907,79789273,POLR3A,1,0,0,0,0
chr10,79793621,79816564,RPS24,1,0,0,0,0
chr10,80828723,81076276,ZMIZ1,1,0,0,0,0
chr10,81315608,81320163,SFTPA2,1,0,0,0,1
chr10,81910645,81965564,ANXA11,1,0,0,0,0
chr10,82031576,82049414,MAT1A,1,0,0,0,0
chr10,85954293,85979377,CDHR1,1,0,0,0,0
chr10,86004809,86019716,RGR,1,0,0,0,0
chr10,88426545,88495829,LDB3,1,0,0,0,0
chr10,88515520,88692601,BMPR1A,1,0,0,0,1
chr10,88809959,88854600,GLUD1,1,0,0,0,1
chr10,89264650,89313218,MINPP1,1,0,0,0,0
chr10,89419635,89507462,PAPSS2,1,0,0,0,0
chr10,89511269,89577983,ATAD1,1,0,0,0,0
chr10,89618915,89623290,KLLN,1,0,0,0,1
chr10,89623382,89731687,PTEN,1,0,0,0,1
chr10,90519777,90539383,LIPN,1,0,0,0,0
chr10,90694831,90751094,ACTA2,1,0,0,0,0
chr10,90750555,90776816,FAS,1,0,0,0,0
chr10,90973329,91011532,LIPA,1,0,0,1,1
chr10,91190056,91295351,SLC16A12,1,0,0,0,0
chr10,94352887,94415152,KIF11,1,0,0,0,0
chr10,94820555,94829297,CYP26C1,1,0,0,0,0
chr10,95256369,95288849,CEP55,1,0,0,0,0
chr10,95326422,95349829,FFAR4,1,0,0,0,0
chr10,95351451,95361501,RBP4,1,0,0,0,0
chr10,95372294,95425767,PDE6C,1,0,0,0,0
chr10,95517693,95557916,LGI1,1,0,0,0,0
chr10,95753688,96092580,PLCE1,1,0,0,1,0
chr10,96305545,96361856,HELLS,1,0,0,0,0
chr10,96522438,96615304,CYP2C19,1,0,0,0,0
chr10,96698415,96749848,CYP2C9,1,0,0,0,0
chr10,96796529,96829254,CYP2C8,1,0,0,0,0
chr10,97365698,97416468,ALDH18A1,1,0,0,0,0
chr10,97423158,97453684,TCTN3,1,0,0,0,0
chr10,97471521,97637023,ENTPD1,1,0,0,0,0
chr10,97948927,98031326,BLNK,1,0,0,0,0
chr10,99344146,99372559,HOGA1,1,1,0,1,0
chr10,99496885,99520652,ZFYVE27,1,0,0,0,0
chr10,100175955,100206692,HPS1,1,1,0,1,0
chr10,100216834,100995632,HPSE2,1,0,0,0,1
chr10,101156627,101190381,GOT1,1,0,0,0,0
chr10,101454050,101491884,COX15,1,0,0,1,0
chr10,101542397,101612351,ABCC2,1,0,0,1,0
chr10,101635328,101769704,DNMBP,1,0,0,0,0
chr10,101801950,101841626,CPN1,1,0,0,0,0
chr10,101909851,101945786,ERLIN1,1,0,0,0,0
chr10,101948057,101989353,CHUK,1,0,0,0,0
chr10,101992055,102027395,CWF19L1,1,0,0,0,0
chr10,102283486,102289680,NDUFB8,1,0,0,0,0
chr10,102495153,102589701,PAX2,1,0,0,0,0
chr10,102747300,102754160,TWNK,1,0,0,0,0
chr10,102767436,102790886,PDZD7,1,0,0,0,0
chr10,103529866,103540126,FGF8,1,0,0,0,0
chr10,103825106,103827793,HPS6,1,0,0,1,0
chr10,103989946,104001269,PITX3,1,0,0,0,0
chr10,104153867,104162286,NFKB2,1,0,0,0,0
chr10,104263729,104393292,SUFU,1,0,0,0,0
chr10,104433488,104474154,ARL3,1,0,0,0,0
chr10,104590288,104597170,CYP17A1,1,1,0,1,0
chr10,104678051,104849979,CNNM2,1,0,0,0,0
chr10,104847774,104953029,NT5C2,1,0,0,0,0
chr10,105148807,105156232,ATP5MK,1,0,0,0,0
chr10,105637327,105677942,STN1,1,0,0,0,0
chr10,105791044,105845638,COL17A1,1,0,0,1,0
chr10,105889646,105992122,CFAP43,1,0,0,0,0
chr10,106098278,106214860,CFAP58,1,0,0,0,0
chr10,111756131,111895323,ADD3,1,0,0,0,0
chr10,111967363,112047123,MXI1,1,0,0,0,0
chr10,112327453,112365806,SMC3,1,0,0,0,0
chr10,112404094,112599226,RBM20,1,0,0,0,0
chr10,112658488,112679124,BBIP1,1,0,0,0,1
chr10,112679128,112773423,SHOC2,1,0,0,0,0
chr10,114710006,114927437,TCF7L2,1,0,0,0,0
chr10,115310590,115349361,HABP2,1,0,0,0,0
chr10,115614420,115676953,NHLRC2,1,0,0,0,0
chr10,115803625,115806663,ADRB1,1,0,0,0,0
chr10,118305443,118327367,PNLIP,1,0,0,0,1
chr10,118888031,118897781,VAX1,1,0,0,0,0
chr10,118957000,118969810,KCNK18,1,0,0,0,0
chr10,119000625,119038941,SLC18A2,1,0,0,0,0
chr10,119302257,119309057,EMX2,1,0,0,0,0
chr10,120789226,120793242,NANOS1,1,0,0,0,0
chr10,120900279,120925226,SFXN4,1,0,0,0,0
chr10,121410892,121437331,BAG3,1,0,0,0,0
chr10,122610874,122669036,WDR11,1,0,0,0,0
chr10,123237844,123357958,FGFR2,1,0,0,0,0
chr10,124214169,124216868,ARMS2,1,0,0,0,0
chr10,124221069,124274423,HTRA1,1,0,0,0,0
chr10,124750322,124768311,IKZF5,1,0,0,0,0
chr10,124768522,124817806,ACADSB,1,0,0,0,0
chr10,126085872,126107492,OAT,1,0,0,1,0
chr10,127455022,127464390,MMP21,1,0,0,0,0
chr10,127473549,127511827,UROS,1,0,0,0,0
chr10,131633497,131762538,EBF3,1,0,0,0,0
chr10,134596685,134599651,NKX6-2,1,0,0,0,0
chr10,135092139,135125841,TUBGCP2,1,0,0,0,0
chr10,135175989,135186858,ECHS1,1,0,0,0,0
chr10,135367403,135381795,SYCE1,1,0,0,0,0
chr11,298200,299526,IFITM5,1,0,0,0,0
chr11,319676,320860,IFITM3,1,0,0,0,1
chr11,532242,535576,HRAS,1,0,0,0,0
chr11,537527,554912,LRRC56,1,0,0,0,0
chr11,612555,615950,IRF7,1,0,0,0,0
chr11,637269,640706,DRD4,1,0,0,0,0
chr11,644220,707083,DEAF1,1,0,0,0,0
chr11,706231,727727,EPS8L2,1,0,0,0,0
chr11,747464,765012,TALDO1,1,0,0,0,0
chr11,790475,798281,SLC25A22,1,0,0,0,0
chr11,818914,825573,PNPLA2,1,0,0,0,0
chr11,832952,838831,CD151,1,0,0,0,0
chr11,1244296,1283402,MUC5B,1,0,0,0,1
chr11,1773985,1785157,CTSD,1,0,0,1,0
chr11,1860211,1862908,TNNI2,1,0,0,0,0
chr11,1940933,1959932,TNNT3,1,0,0,0,0
chr11,2150347,2170796,IGF2,1,0,0,0,0
chr11,2181009,2182439,INS,1,0,0,0,0
chr11,2185159,2193045,TH,1,0,0,1,0
chr11,2397410,2418627,CD81,1,0,0,0,0
chr11,2466238,2870335,KCNQ1,1,0,0,0,0
chr11,2629558,2721224,KCNQ1OT1,1,0,0,0,0
chr11,2904448,2907005,CDKN1C,1,0,0,0,0
chr11,2920921,2946476,SLC22A18,1,0,0,0,0
chr11,3022159,3078653,CARS1,1,0,0,0,0
chr11,3818954,3847601,PGAP2,1,0,0,0,0
chr11,3875834,4114440,STIM1,1,0,0,0,0
chr11,5246694,5248301,HBB,1,1,0,1,0
chr11,5254068,5255713,HBD,1,0,0,0,0
chr11,5269499,5271087,HBG1,1,0,0,0,1
chr11,5274418,5276011,HBG2,1,0,0,0,1
chr11,6411704,6416226,SMPD1,1,1,0,1,0
chr11,6633999,6640653,TPP1,1,0,0,1,0
chr11,6642561,6677040,DCHS1,1,0,0,0,0
chr11,8008884,8023399,EIF3F,1,0,0,0,1
chr11,8060180,8127790,TUB,1,0,0,0,0
chr11,8245856,8290334,LMO1,1,0,0,0,0
chr11,9160372,9286897,DENND5A,1,0,0,0,0
chr11,9800215,10326388,SBF2,1,0,0,0,0
chr11,10471935,10529126,AMPD3,1,0,0,0,0
chr11,12695968,12966284,TEAD1,1,0,0,0,0
chr11,13513601,13517728,PTH,1,0,0,0,0
chr11,13690215,13753893,FAR1,1,0,0,0,1
chr11,14299466,14386052,RRAS2,1,0,0,0,0
chr11,14898986,14913989,CYP2R1,1,0,0,0,0
chr11,15987995,16760024,SOX6,1,0,0,0,0
chr11,17108122,17229533,PIK3C2A,1,0,0,0,0
chr11,17406795,17410893,KCNJ11,1,0,0,1,0
chr11,17414045,17498392,ABCC8,1,1,0,1,0
chr11,17515447,17565963,USH1C,1,0,0,1,0
chr11,17568806,17667591,OTOG,1,0,0,0,0
chr11,17741118,17743683,MYOD1,1,0,0,0,0
chr11,17756328,17804604,KCNC1,1,0,0,0,0
chr11,18300217,18343721,HPS5,1,0,0,1,0
chr11,18416110,18429972,LDHA,1,0,0,0,0
chr11,19203577,19223530,CSRP3,1,0,0,0,0
chr11,20621154,20680831,SLC6A5,1,0,0,0,0
chr11,22214631,22304903,ANO5,1,0,0,0,0
chr11,22644079,22647369,FANCF,1,0,0,1,0
chr11,26210355,26684836,ANO3,1,0,0,0,0
chr11,27387508,27494337,LGR4,1,0,0,0,0
chr11,30031277,30038577,KCNA4,1,0,0,0,0
chr11,30252561,30256741,FSHB,1,0,1,0,0
chr11,31531314,31811872,ELP4,1,0,0,0,0
chr11,31810574,31839509,PAX6,1,0,0,0,0
chr11,32409321,32457085,WT1,1,0,0,0,0
chr11,33724556,33758025,CD59,1,0,0,1,0
chr11,33880122,33913623,LMO2,1,0,0,0,0
chr11,34460481,34493607,CAT,1,0,0,0,0
chr11,34937985,35017675,PDHX,1,0,0,0,0
chr11,35160718,35253949,CD44,1,0,0,0,0
chr11,35272752,35441605,SLC1A2,1,0,0,0,0
chr11,35684323,35839557,TRIM44,1,0,0,0,0
chr11,36531903,36601312,RAG1,1,1,0,1,0
chr11,36613493,36619786,RAG2,1,1,0,1,0
chr11,44117228,44273512,EXT2,1,0,0,0,0
chr11,44281990,44331689,ALX4,1,0,0,0,0
chr11,45825630,45834567,SLC35C1,1,0,0,0,0
chr11,45907202,45928016,MAPK8IP1,1,0,0,0,0
chr11,45931214,45939428,PEX16,1,0,0,1,0
chr11,45950870,46143005,PHF21A,1,0,0,0,0
chr11,46299213,46342959,CREB3L1,1,0,0,0,0
chr11,46722581,46727462,ZNF408,1,0,0,0,0
chr11,46740763,46761056,F2,1,0,1,1,0
chr11,46878268,46940101,LRP4,1,0,0,0,0
chr11,47236005,47260768,DDB2,1,0,0,0,0
chr11,47260853,47270365,ACP2,1,0,0,0,0
chr11,47290739,47351582,MADD,1,0,0,0,0
chr11,47352957,47374253,MYBPC3,1,0,0,0,0
chr11,47428827,47438051,SLC39A13,1,0,0,0,0
chr11,47459315,47470688,RAPSN,1,0,0,1,0
chr11,47600626,47606114,NDUFS3,1,0,0,0,0
chr11,47799670,47870096,NUP160,1,0,0,0,0
chr11,48002111,48192391,PTPRJ,1,0,0,0,0
chr11,57365158,57382321,SERPING1,1,0,0,0,0
chr11,57425234,57429337,CLP1,1,0,0,0,0
chr11,57480065,57508445,TMX2,1,0,0,0,1
chr11,57529274,57587012,CTNND1,1,0,0,0,0
chr11,58874710,58894885,FAM111B,1,0,0,0,0
chr11,58910329,58922512,FAM111A,1,0,0,0,0
chr11,59596746,59612972,CBLIF,1,0,0,0,0
chr11,59856137,59865940,MS4A2,1,0,0,0,0
chr11,60223320,60238225,MS4A1,1,0,0,0,0
chr11,60635015,60643160,ZP1,1,0,1,0,0
chr11,61100700,61120898,TKFC,1,0,0,0,0
chr11,61129846,61144342,TMEM138,1,0,0,0,0
chr11,61160059,61166318,TMEM216,1,1,0,1,0
chr11,61197596,61214205,SDHAF2,1,0,0,0,0
chr11,61520108,61555990,MYRF,1,0,0,0,0
chr11,61717293,61732987,BEST1,1,0,0,0,0
chr11,61731757,61735106,FTH1,1,0,0,0,0
chr11,62380729,62382588,ROM1,1,0,0,0,1
chr11,62382768,62389458,B3GAT3,1,0,0,0,1
chr11,62392301,62414085,GANAB,1,0,0,0,0
chr11,62439145,62441158,UQCC3,1,0,0,0,0
chr11,62457734,62477009,BSCL2,1,0,0,0,0
chr11,63391559,63439446,ATL3,1,0,0,0,0
chr11,63742092,63744015,COX8A,1,0,0,0,0
chr11,63973392,63991363,FERMT3,1,0,0,0,0
chr11,64019002,64036924,PLCB3,1,0,0,0,0
chr11,64058774,64067503,KCNK4,1,0,0,0,0
chr11,64358692,64369816,SLC22A12,1,0,0,0,0
chr11,64494383,64512928,RASGRP2,1,0,0,0,0
chr11,64513861,64528187,PYGM,1,1,0,1,0
chr11,64570988,64578766,MEN1,1,0,0,0,0
chr11,64781632,64789656,ARL2,1,0,0,0,0
chr11,64863686,64879334,VPS51,1,0,0,0,0
chr11,64948844,64979477,CAPN1,1,0,0,0,0
chr11,65101323,65121733,DPF2,1,0,0,0,0
chr11,65292554,65306175,SCYL1,1,0,0,0,0
chr11,65306030,65325830,LTBP3,1,0,0,0,0
chr11,65421072,65431328,RELA,1,0,0,0,0
chr11,65479723,65487075,KAT5,1,0,0,0,1
chr11,65485144,65488269,RNASEH2C,1,0,0,1,1
chr11,65633912,65640271,EFEMP2,1,0,0,0,0
chr11,65651211,65655942,FIBP,1,0,0,0,0
chr11,65769550,65771620,BANF1,1,0,0,0,0
chr11,65779479,65780976,CST6,1,0,0,0,0
chr11,65784223,65793950,CATSPER1,1,0,1,0,0
chr11,65837743,66012215,PACS1,1,0,0,0,0
chr11,66024759,66035331,KLC2,1,0,0,0,0
chr11,66112845,66115100,B4GAT1,1,0,0,0,0
chr11,66278106,66301069,BBS1,1,1,0,1,0
chr11,66313866,66330805,ACTN3,1,0,0,0,0
chr11,66330935,66336077,CTSF,1,0,0,0,0
chr11,66449968,66496687,SPTBN2,1,0,0,0,0
chr11,66512240,66610987,TOP6BL,1,0,0,0,0
chr11,66615891,66725854,PC,1,0,0,1,0
chr11,67131639,67141648,CLCF1,1,0,0,0,0
chr11,67219874,67229223,CABP4,1,0,0,0,0
chr11,67250497,67258574,AIP,1,0,0,0,0
chr11,67286383,67290917,CABP2,1,0,0,0,0
chr11,67374407,67380025,NDUFV1,1,0,0,1,0
chr11,67758571,67771567,UNC93B1,1,0,0,0,0
chr11,67798148,67804111,NDUFS8,1,0,0,0,0
chr11,67806492,67818362,TCIRG1,1,0,0,1,0
chr11,67922330,67981115,KMT5B,1,0,0,0,0
chr11,68080059,68216743,LRP5,1,0,0,0,0
chr11,68452012,68458643,GAL,1,0,0,0,0
chr11,68522088,68609384,CPT1A,1,1,0,1,0
chr11,68671359,68708069,IGHMBP2,1,0,0,1,0
chr11,68816400,68858065,TPCN2,1,0,0,0,0
chr11,69455924,69469242,CCND1,1,0,0,0,0
chr11,69624736,69634184,FGF3,1,0,0,0,0
chr11,70049402,70053496,FADD,1,0,0,0,0
chr11,70313959,70963623,SHANK2,1,0,0,0,0
chr11,71138333,71160089,DHCR7,1,1,0,1,0
chr11,71164249,71212862,NADSYN1,1,0,0,0,0
chr11,71709955,71713965,IL18BP,1,0,0,0,0
chr11,71713910,71791588,NUMA1,1,0,0,0,0
chr11,71791896,71821828,LRTOMT,1,0,0,0,0
chr11,71900753,71907367,FOLR1,1,0,0,0,0
chr11,71935811,71950191,INPPL1,1,0,0,0,0
chr11,71950121,71955220,PHOX2A,1,0,0,0,0
chr11,71996539,72145575,CLPB,1,0,0,0,0
chr11,72287185,72385466,PDE2A,1,0,0,0,0
chr11,73087444,73108519,RELT,1,0,0,0,0
chr11,73662071,73681326,DNAJB13,1,0,0,0,0
chr11,73685717,73694247,UCP2,1,0,0,0,0
chr11,73711322,73720130,UCP3,1,0,0,0,0
chr11,73723763,73882047,C2CD3,1,0,0,1,0
chr11,74165886,74178594,KCNE3,1,0,0,0,0
chr11,74201564,74204769,LIPT2,1,0,0,0,0
chr11,75273298,75283828,SERPINH1,1,0,0,0,1
chr11,76368568,76381791,LRRC32,1,0,0,0,0
chr11,76571962,76737841,ACER3,1,0,0,0,0
chr11,76778018,76837201,CAPN5,1,0,0,0,0
chr11,76839292,76926286,MYO7A,1,1,0,1,0
chr11,77033062,77185139,PAK1,1,0,0,0,0
chr11,77779343,77790908,NDUFC2,1,0,0,0,0
chr11,77811992,77850672,ALG8,1,0,0,0,0
chr11,78147014,78285909,NARS2,1,0,0,0,0
chr11,78363874,79152074,TENM4,1,0,0,0,0
chr11,85339617,85347584,TMEM126B,1,0,0,0,0
chr11,85359011,85367586,TMEM126A,1,0,0,0,0
chr11,85668218,85780902,PICALM,1,0,0,0,0
chr11,85955795,85989852,EED,1,0,0,0,0
chr11,86013282,86056985,HIKESHI,1,0,0,0,0
chr11,86656721,86666437,FZD4,1,0,0,0,0
chr11,88026760,88070904,CTSC,1,0,0,1,0
chr11,88911043,89028927,TYR,1,1,0,1,1
chr11,92702817,92715948,MTNR1B,1,0,0,0,0
chr11,93517448,93548129,MED17,1,0,0,1,0
chr11,93754520,93847374,HEPHL1,1,0,0,0,0
chr11,93862007,93915134,PANX1,1,0,0,0,0
chr11,94148736,94227010,MRE11,1,0,0,1,1
chr11,95523662,95565857,CEP57,1,0,0,0,0
chr11,95566044,95657271,MTMR2,1,0,0,1,0
chr11,95709762,96076359,MAML2,1,0,0,0,0
chr11,100900355,101000544,PGR,1,0,0,0,0
chr11,101322295,101454738,TRPC6,1,0,0,0,1
chr11,101918168,101955285,CFAP300,1,0,0,0,0
chr11,101981178,102104155,YAP1,1,0,0,0,1
chr11,102447563,102496063,MMP20,1,0,0,0,0
chr11,102660650,102668891,MMP1,1,0,0,0,0
chr11,102706532,102714340,MMP3,1,0,0,0,0
chr11,102813724,102826461,MMP13,1,0,0,0,0
chr11,102980155,103350591,DYNC2H1,1,1,0,1,0
chr11,104754013,104769187,CASP12,1,0,0,0,0
chr11,105480800,105852817,GRIA4,1,0,0,0,0
chr11,107373453,107436461,ALKBH8,1,0,0,0,0
chr11,107987432,108018330,ACAT1,1,1,0,1,0
chr11,108093794,108239829,ATM,1,1,0,1,0
chr11,108376162,108464495,EXPH5,1,0,0,0,0
chr11,110045647,110167339,RDX,1,0,0,0,1
chr11,111338251,111385450,BTG4,1,0,0,0,1
chr11,111597637,111637113,PPP2R1B,1,0,0,0,0
chr11,111652919,111742305,ALG9,1,0,0,0,0
chr11,111779288,111794464,CRYAB,1,0,0,0,0
chr11,111896132,111935128,DLAT,1,0,0,0,1
chr11,111957597,111966518,SDHD,1,0,0,0,0
chr11,112097151,112104696,PTS,1,0,0,1,0
chr11,113185305,113244019,TTC12,1,0,0,0,0
chr11,113930433,114127492,ZBTB16,1,0,0,0,0
chr11,114128528,114184258,NNMT,1,0,0,0,0
chr11,116660083,116663136,APOA5,1,0,0,0,0
chr11,116700623,116703788,APOC3,1,0,0,0,0
chr11,116706467,116708338,APOA1,1,0,0,0,0
chr11,116714118,116969144,SIK3,1,0,0,0,0
chr11,117192494,117283982,CEP164,1,0,0,0,1
chr11,117690772,117698804,FXYD2,1,0,0,0,0
chr11,117857109,117873752,IL10RA,1,0,0,0,0
chr11,118004092,118023538,SCN4B,1,0,0,0,0
chr11,118033521,118047354,SCN2B,1,0,0,0,0
chr11,118124131,118135012,MPZL2,1,0,0,0,0
chr11,118175445,118186888,CD3E,1,0,0,1,0
chr11,118209669,118213420,CD3D,1,0,0,1,0
chr11,118215059,118225876,CD3G,1,0,0,0,0
chr11,118307207,118397547,KMT2A,1,0,0,0,0
chr11,118443124,118473748,ARCN1,1,0,0,0,0
chr11,118528026,118550359,TREH,1,0,0,0,1
chr11,118618472,118662453,DDX6,1,0,0,0,0
chr11,118889476,118894844,TRAPPC4,1,0,0,0,0
chr11,118894822,118901587,SLC37A4,1,1,0,1,0
chr11,118914899,118927916,HYOU1,1,0,0,0,0
chr11,118938529,118952682,VPS11,1,0,0,1,0
chr11,118955591,118964259,HMBS,1,0,0,0,0
chr11,118967220,118972563,DPAGT1,1,0,0,0,0
chr11,119077049,119178859,CBL,1,0,0,0,0
chr11,119209652,119217415,C1QTNF5,1,0,0,0,0
chr11,119209652,119217415,MFRP,1,0,0,0,0
chr11,119508808,119599910,NECTIN1,1,0,0,0,0
chr11,120971952,121062199,TECTA,1,0,0,0,0
chr11,121163480,121184119,SC5D,1,0,0,0,0
chr11,122940580,123065956,CLMP,1,0,0,0,0
chr11,123499896,123525332,SCN3B,1,0,0,0,0
chr11,124503009,124546199,SIAE,1,0,0,0,1
chr11,124735328,124751367,ROBO3,1,0,0,0,0
chr11,124753587,124767761,ROBO4,1,0,0,0,0
chr11,124789101,124805943,HEPACAM,1,0,0,0,0
chr11,125462747,125492986,STT3A,1,0,0,0,0
chr11,125753509,125770541,HYLS1,1,0,0,1,0
chr11,125763380,125773101,PUS3,1,0,0,0,0
chr11,125826716,125933187,CDON,1,0,0,0,0
chr11,126139049,126148021,FOXRED1,1,0,0,1,0
chr11,126152988,126164828,TIRAP,1,0,0,0,0
chr11,126173955,126219900,DCPS,1,0,0,0,0
chr11,128556430,128683162,FLI1,1,0,0,0,0
chr11,128707915,128737191,KCNJ1,1,0,0,1,0
chr11,128761251,128791058,KCNJ5,1,0,0,0,0
chr11,130029677,130080257,ST14,1,0,0,0,0
chr11,132284875,133402396,OPCML,1,0,0,0,1
chr11,133938967,134021896,JAM3,1,0,0,0,1
chr11,134020008,134095355,NCAPD3,1,0,0,0,0
chr11,134123462,134135749,ACAD8,1,0,0,0,0
chr12,861745,1020618,WNK1,1,0,0,0,0
chr12,1901129,2027818,CACNA2D4,1,0,0,0,0
chr12,2162153,2807116,CACNA1C,1,0,0,0,0
chr12,4382928,4414519,CCND2,1,0,0,0,1
chr12,4477393,4488878,FGF23,1,0,0,0,0
chr12,4596901,4647635,FERRY3,1,0,0,0,0
chr12,4758280,4803483,NDUFA9,1,0,0,0,1
chr12,5019071,5027422,KCNA1,1,0,0,0,0
chr12,5153045,5155954,KCNA5,1,0,0,0,1
chr12,6058043,6233836,VWF,1,0,0,0,1
chr12,6437937,6451242,TNFRSF1A,1,0,0,0,0
chr12,6456013,6486525,SCNN1A,1,0,0,0,0
chr12,6553058,6560879,CD27,1,0,0,0,0
chr12,6571403,6579843,VAMP1,1,0,0,0,0
chr12,6603268,6641121,NCAPD2,1,0,0,0,1
chr12,6679248,6716545,CHD4,1,0,0,0,0
chr12,6898694,6929965,CD4,1,0,0,0,0
chr12,6950089,6956557,GNB3,1,0,0,0,0
chr12,6976584,6980112,TPI1,1,0,0,0,0
chr12,7033622,7051484,ATN1,1,0,0,0,0
chr12,7052596,7055166,C12orf57,1,0,0,0,0
chr12,7080076,7105520,EMG1,1,0,0,0,0
chr12,7168022,7178336,C1S,1,0,0,0,0
chr12,7187523,7245041,C1R,1,0,0,0,0
chr12,7341249,7371170,PEX5,1,0,0,1,0
chr12,7842380,7848371,GDF3,1,0,0,0,0
chr12,8234870,8250477,NECAP1,1,0,0,0,1
chr12,8754766,8765455,AICDA,1,0,0,0,0
chr12,8798539,8815422,MFAP5,1,0,0,0,0
chr12,8975217,9029383,A2ML1,1,0,0,0,0
chr12,9066439,9094063,PHC1,1,0,0,0,1
chr12,9220304,9268825,A2M,1,0,0,0,0
chr12,10222153,10251584,CLEC1A,1,0,0,0,1
chr12,10269376,10282798,CLEC7A,1,0,0,0,0
chr12,10310900,10324731,OLR1,1,0,0,0,0
chr12,11802608,12048311,ETV6,1,0,0,0,0
chr12,12268959,12419978,LRP6,1,0,0,0,0
chr12,12870302,12875303,CDKN1B,1,0,0,0,0
chr12,13690271,14135068,GRIN2B,1,0,0,0,0
chr12,14765566,14849533,GUCY2C,1,0,0,0,0
chr12,14978503,14996460,ART4,1,0,0,0,0
chr12,15033798,15038788,MGP,1,0,0,0,0
chr12,15125976,15134799,PDE6H,1,0,0,0,0
chr12,15475442,15751265,PTPRO,1,0,0,0,0
chr12,15773068,15942322,EPS8,1,0,0,0,0
chr12,18836114,18890946,PLCZ1,1,0,0,0,0
chr12,20521471,20841517,PDE3A,1,0,0,0,1
chr12,20963639,21069845,SLCO1B3,1,0,0,0,0
chr12,21284128,21392730,SLCO1B1,1,0,0,0,0
chr12,21590589,21624184,PYROXD1,1,0,0,0,1
chr12,21689041,21757781,GYS2,1,0,0,0,0
chr12,21788276,21810776,LDHB,1,0,0,0,0
chr12,21950323,22094360,ABCC9,1,0,0,0,0
chr12,23682438,24715425,SOX5,1,0,0,0,1
chr12,25358180,25403863,KRAS,1,0,0,0,1
chr12,26272963,26277970,BHLHE41,1,0,0,0,0
chr12,26488285,26986127,ITPR2,1,0,0,0,0
chr12,28111017,28125666,PTHLH,1,0,0,0,0
chr12,31226794,31257733,DDX11,1,0,0,1,1
chr12,32552492,32798984,FGD4,1,0,0,0,0
chr12,32832235,32898584,DNM1L,1,0,0,0,0
chr12,32899478,32908831,YARS2,1,0,0,0,0
chr12,32943689,33049711,PKP2,1,0,0,0,0
chr12,38710576,38723523,ALG10B,1,0,0,0,1
chr12,39687030,39836922,KIF21A,1,0,0,0,0
chr12,40618799,40763087,LRRK2,1,0,0,0,0
chr12,41086241,41466217,CNTN1,1,0,0,0,0
chr12,42850559,42983548,PRICKLE1,1,0,0,0,0
chr12,44152754,44183344,IRAK4,1,0,0,0,0
chr12,45609878,45834187,ANO6,1,0,0,0,0
chr12,46123489,46301820,ARID2,1,0,0,0,0
chr12,48235320,48298777,VDR,1,0,0,1,0
chr12,48366750,48398259,COL2A1,1,0,0,0,0
chr12,48499136,48540187,PFKM,1,0,0,1,0
chr12,49159977,49183757,ADCY6,1,0,0,0,0
chr12,49297916,49315359,CCDC65,1,0,0,0,0
chr12,49359123,49365518,WNT10B,1,0,0,0,0
chr12,49372105,49376403,WNT1,1,0,0,0,0
chr12,49412761,49454577,KMT2D,1,0,0,0,0
chr12,49480439,49488584,DHH,1,0,0,0,0
chr12,49578578,49582863,TUBA1A,1,0,0,0,0
chr12,49688930,49692469,PRPH,1,0,0,0,0
chr12,50344520,50352661,AQP2,1,0,0,1,0
chr12,50355655,50359465,AQP5,1,0,0,0,0
chr12,50479125,50494490,SMARCD1,1,0,0,0,0
chr12,50497791,50505096,GPD1,1,0,0,0,0
chr12,50506019,50514236,COX14,1,0,0,0,0
chr12,50569571,50677303,LIMA1,1,0,0,0,0
chr12,50898768,51142440,DIP2B,1,0,0,0,0
chr12,51373190,51422669,SLC11A2,1,0,0,0,0
chr12,51985017,52206648,SCN8A,1,0,0,0,0
chr12,52300728,52317145,ACVRL1,1,0,0,0,0
chr12,52345483,52390862,ACVR1B,1,0,0,0,0
chr12,52668429,52702947,KRT86,1,0,0,0,1
chr12,52679697,52685318,KRT81,1,0,0,0,1
chr12,52708085,52715182,KRT83,1,0,0,0,0
chr12,52753790,52761265,KRT85,1,0,0,0,0
chr12,52817854,52828155,KRT75,1,0,0,0,0
chr12,52840435,52845930,KRT6B,1,0,0,0,1
chr12,52862300,52867589,KRT6C,1,0,0,0,1
chr12,52880960,52887041,KRT6A,1,0,0,0,1
chr12,52908359,52914178,KRT5,1,0,0,0,0
chr12,52937693,52946929,KRT71,1,0,0,0,0
chr12,52959566,52967627,KRT74,1,0,0,0,0
chr12,53038342,53045995,KRT2,1,0,0,0,0
chr12,53068520,53074191,KRT1,1,0,0,0,0
chr12,53183469,53189901,KRT3,1,0,0,0,0
chr12,53200333,53207900,KRT4,1,0,0,0,0
chr12,53290975,53343644,KRT8,1,0,0,0,1
chr12,53342639,53346690,KRT18,1,0,0,0,0
chr12,53701244,53715394,AAAS,1,0,0,1,0
chr12,53720359,53738577,SP7,1,0,0,0,0
chr12,53817639,53825456,AMHR2,1,0,0,0,0
chr12,54332615,54340328,HOXC13,1,0,0,0,0
chr12,54674510,54680871,HNRNPA1,1,0,0,0,0
chr12,54891536,54942027,NCKAP1L,1,0,0,0,0
chr12,56078352,56106192,ITGA7,1,0,0,0,0
chr12,56114177,56118489,RDH5,1,0,0,0,0
chr12,56136906,56151048,GDF11,1,0,0,0,0
chr12,56229217,56236720,MMP19,1,0,0,0,0
chr12,56391060,56399309,SUOX,1,0,0,1,0
chr12,56435702,56438481,RPS26,1,0,0,0,0
chr12,56473892,56497289,ERBB3,1,0,0,0,0
chr12,56556143,56583267,SMARCC2,1,0,0,0,0
chr12,56623835,56631630,SLC39A5,1,0,0,0,0
chr12,56735381,56753891,STAT2,1,0,0,0,0
chr12,56843286,56848441,MIP,1,0,0,0,0
chr12,57316917,57328192,SDR9C7,1,0,0,0,0
chr12,57403784,57410313,TAC3,1,0,0,0,0
chr12,57522266,57607144,LRP1,1,0,0,0,0
chr12,57623494,57628718,SHMT2,1,0,0,0,0
chr12,57637241,57644970,STAC3,1,0,0,0,0
chr12,57853568,57866051,GLI1,1,0,0,0,0
chr12,57881851,57910435,MARS1,1,0,0,0,0
chr12,57943827,57980416,KIF5A,1,0,0,0,0
chr12,58017192,58026984,B4GALNT1,1,0,0,0,0
chr12,58141510,58146093,CDK4,1,0,0,0,1
chr12,58156117,58160861,CYP27B1,1,1,0,1,0
chr12,58176570,58196639,TSFM,1,0,0,1,0
chr12,58191163,58212517,AVIL,1,0,0,0,0
chr12,63952693,64062273,DPY19L2,1,0,1,0,0
chr12,64173689,64203342,RXYLT1,1,0,0,1,0
chr12,64238480,64555997,SRGAP1,1,0,0,0,0
chr12,64845900,64895894,TBK1,1,0,0,0,0
chr12,65107229,65153186,GNS,1,0,0,1,0
chr12,65563363,65642135,LEMD3,1,0,0,0,0
chr12,65672463,65860687,MSRB3,1,0,0,0,0
chr12,66218240,66360071,HMGA2,1,0,0,0,0
chr12,66582994,66648402,IRAK3,1,0,0,0,1
chr12,66741211,67463118,GRIP1,1,1,0,1,1
chr12,68548548,68553520,IFNG,1,0,0,0,0
chr12,69080758,69139589,NUP107,1,0,0,0,0
chr12,69201952,69244466,MDM2,1,0,0,0,0
chr12,69742161,69748014,LYZ,1,0,0,0,0
chr12,70636798,70748773,CNOT2,1,0,0,0,0
chr12,72332625,72426220,TPH2,1,0,0,0,0
chr12,76738254,76742195,BBS10,1,1,0,1,0
chr12,79257762,79845788,SYT1,1,0,0,0,0
chr12,80167343,80329240,PPP1R12A,1,0,0,0,0
chr12,80493317,80774660,OTOGL,1,0,0,0,0
chr12,80838015,81074052,PTPRQ,1,0,0,0,0
chr12,81110691,81113450,MYF5,1,0,0,0,0
chr12,85673998,85695562,ALX1,1,0,0,0,0
chr12,88442793,88535865,CEP290,1,1,0,1,0
chr12,88536084,88593664,TMTC3,1,0,0,0,0
chr12,88886570,88974248,KITLG,1,0,0,0,0
chr12,89741012,89746278,DUSP6,1,0,0,0,0
chr12,89795244,89919824,POC1B,1,0,0,0,1
chr12,91444268,91451801,KERA,1,0,0,0,0
chr12,91534261,91576594,DCN,1,0,0,0,0
chr12,94071151,94288616,CRADD,1,0,0,0,0
chr12,94700169,94854230,CEP83,1,0,0,0,1
chr12,95365109,95397473,NDUFA12,1,0,0,0,1
chr12,96366440,96390122,HAL,1,0,0,0,0
chr12,98987464,99000145,SLC25A3,1,0,0,0,0
chr12,100660955,100735493,SCYL2,1,0,0,0,0
chr12,100750852,100815833,SLC17A8,1,0,0,0,0
chr12,100867644,100958192,NR1H4,1,0,0,0,0
chr12,101988749,102079806,MYBPC1,1,0,0,0,0
chr12,102122426,102133240,SYCP3,1,0,0,0,0
chr12,102139277,102224737,GNPTAB,1,1,0,1,0
chr12,102466881,102513892,NUP37,1,0,0,0,0
chr12,102789652,102875525,IGF1,1,0,0,0,0
chr12,103230667,103352219,PAH,1,1,0,1,0
chr12,103351452,103354291,ASCL1,1,0,0,0,0
chr12,104850726,105155792,CHST11,1,0,0,0,0
chr12,105501509,105562908,WASHC4,1,0,0,0,0
chr12,106751526,106903976,POLR3B,1,0,0,0,0
chr12,107385142,107487327,CRY1,1,0,0,0,0
chr12,108955239,108963160,ISCU,1,0,0,0,0
chr12,109535402,109548797,UNG,1,0,0,0,1
chr12,109915439,109974507,UBE3B,1,0,0,0,0
chr12,109991520,110011309,MMAB,1,1,0,1,0
chr12,110011599,110035930,MVK,1,1,0,1,0
chr12,110220892,110271203,TRPV4,1,0,0,0,0
chr12,110562162,110656598,IFT81,1,0,0,0,0
chr12,110718421,110788898,ATP2A2,1,0,0,0,0
chr12,111051934,111087235,TCTN1,1,0,0,0,0
chr12,111348649,111359253,MYL2,1,0,0,0,0
chr12,111471969,111788358,CUX2,1,0,0,0,1
chr12,111843727,111889427,SH2B3,1,0,0,0,0
chr12,111890018,112037477,ATXN2,1,0,0,0,0
chr12,112204737,112255336,ALDH2,1,0,0,0,0
chr12,112856751,112947722,PTPN11,1,0,0,0,0
chr12,114791716,114846247,TBX5,1,0,0,0,0
chr12,115108060,115121980,TBX3,1,0,0,0,0
chr12,116396381,116715498,MED13L,1,0,0,0,0
chr12,119616736,119632551,HSPB8,1,0,0,0,0
chr12,120123596,120315124,CIT,1,0,0,0,0
chr12,120875916,120878533,COX6A1,1,0,0,0,0
chr12,120884247,120901552,GATC,1,0,0,0,1
chr12,120941082,120966961,COQ5,1,0,0,0,0
chr12,121163629,121177811,ACADS,1,1,0,1,0
chr12,121416346,121440315,HNF1A,1,0,0,0,0
chr12,122064435,122081015,ORAI1,1,0,0,0,0
chr12,122241915,122270562,SETD1B,1,0,0,0,0
chr12,122277433,122326517,HPD,1,0,0,1,0
chr12,122356498,122441825,CFAP251,1,0,0,0,0
chr12,122459790,122499950,BCL7A,1,0,0,0,0
chr12,122692209,122712003,DIABLO,1,0,0,0,0
chr12,122714111,122751041,VPS33A,1,0,0,0,0
chr12,122956147,122985479,ZCCHC8,1,0,0,0,0
chr12,123717983,123742507,MTRFR,1,0,0,0,0
chr12,124104953,124118233,EIF2B1,1,0,0,1,1
chr12,124155660,124192946,TCTN2,1,0,0,1,0
chr12,124196900,124246302,ATP6V0A2,1,0,0,0,0
chr12,125261402,125348410,SCARB1,1,0,0,0,0
chr12,125431372,125473677,DHX37,1,0,0,0,0
chr12,132413821,132430441,PUS1,1,0,0,1,0
chr12,133195362,133198974,P2RX2,1,0,0,0,0
chr12,133200348,133263928,POLE,1,0,0,0,0
chr12,133302089,133338418,ANKLE2,1,0,0,0,0
chr13,20712394,20735191,GJA3,1,0,0,0,0
chr13,20761609,20767077,GJB2,1,1,0,1,0
chr13,20796101,20806458,GJB6,1,1,0,1,0
chr13,20977808,21099996,CRYL1,0,0,0,1,0
chr13,22245212,22278637,FGF9,1,0,0,0,0
chr13,23734647,23899301,SGCG,1,0,0,1,0
chr13,23902969,24007841,SACS,1,0,0,1,0
chr13,24304328,24463539,MIPEP,1,0,0,0,1
chr13,25456417,25496999,CENPJ,1,0,0,1,0
chr13,25946112,26599989,ATP8A2,1,0,0,0,1
chr13,26706253,26796508,RNF6,1,0,0,0,1
chr13,26828266,26979375,CDK8,1,0,0,0,1
chr13,27825695,27830705,RPL21,1,0,0,0,0
chr13,28194880,28241548,POLR1D,1,0,0,0,0
chr13,28494137,28500450,PDX1,1,0,0,0,0
chr13,28577411,28674713,FLT3,1,0,0,0,0
chr13,29233267,29253096,POMP,1,0,0,0,0
chr13,31287622,31338563,ALOX5AP,1,0,0,0,0
chr13,31774112,31906413,B3GLCT,1,0,0,0,0
chr13,32889214,32974405,BRCA2,1,0,0,0,1
chr13,33590561,33640280,KL,1,0,0,0,0
chr13,35516407,36246873,NBEA,1,0,0,0,1
chr13,36047926,36050826,MAB21L1,1,0,0,0,0
chr13,36875775,36944317,SPART,1,0,0,0,0
chr13,37393359,37403241,RFXAP,1,0,0,0,0
chr13,37418968,37494375,SMAD9,1,0,0,0,0
chr13,37574923,37583751,EXOSC8,1,0,0,0,0
chr13,38923988,38937756,UFM1,1,0,0,0,0
chr13,39261214,39461268,FREM2,1,0,0,1,0
chr13,40229764,40365803,COG6,1,0,0,0,0
chr13,41129804,41240778,FOXO1,1,0,0,0,0
chr13,41363747,41386596,SLC25A15,1,0,0,1,0
chr13,43136872,43182149,TNFSF11,1,0,0,0,0
chr13,44453314,44468068,LACC1,1,0,0,0,0
chr13,47405681,47472217,HTR2A,1,0,0,0,0
chr13,48516791,48575409,SUCLA2,1,0,0,0,1
chr13,48611862,48626891,NUDT15,1,0,0,0,0
chr13,48807342,48844493,ITM2B,1,0,0,0,1
chr13,48877887,49056026,RB1,1,0,0,0,1
chr13,48985274,49018805,LPAR6,1,0,0,0,0
chr13,50106082,50159694,RCBTB1,1,0,0,0,0
chr13,51483814,51544596,RNASEH2B,1,1,0,1,0
chr13,52506805,52586268,ATP7B,1,1,0,1,0
chr13,52586534,52607736,ALG11,1,0,0,0,0
chr13,52951302,52980307,THSD1,1,0,0,0,1
chr13,60239717,60738062,DIAPH3,1,0,0,0,0
chr13,70681553,70745870,ATXN8OS,1,0,0,0,0
chr13,73356271,73590599,PIBF1,1,0,0,0,0
chr13,75857639,76056305,TBC1D4,1,0,0,0,0
chr13,77566216,77579252,CLN5,1,1,0,1,0
chr13,77579395,77601294,FBXL3,1,0,0,0,0
chr13,78469622,78549662,EDNRB,1,1,0,0,0
chr13,80910111,80915261,SPRY2,1,0,0,0,0
chr13,84451340,84456609,SLITRK1,1,0,0,0,0
chr13,86366925,86373554,SLITRK6,1,0,0,0,0
chr13,93879060,95060274,GPC6,1,0,0,0,0
chr13,95089065,95201660,DCT,1,0,0,0,0
chr13,95226308,95248406,TGDS,1,0,0,0,0
chr13,96086009,96232013,CLDN10,1,0,0,0,0
chr13,96230456,96296960,DZIP1,1,0,0,0,0
chr13,96329393,96447242,DNAJC3,1,0,0,0,0
chr13,100634038,100639019,ZIC2,1,0,0,0,0
chr13,100741347,101182689,PCCA,1,1,0,1,0
chr13,101706128,102068859,NALCN,1,0,0,0,0
chr13,102363154,103054793,FGF14,1,0,0,0,1
chr13,103498382,103528345,ERCC5,1,0,0,1,0
chr13,103696348,103718767,SLC10A2,1,0,0,0,0
chr13,106118216,106143383,DAOA,1,0,0,0,0
chr13,108859790,108870697,LIG4,1,0,0,1,0
chr13,110405042,110438930,IRS2,1,0,0,0,0
chr13,110801310,110959504,COL4A1,1,0,0,0,0
chr13,110959631,111165556,COL4A2,1,0,0,0,0
chr13,111267807,111292343,NAXD,1,0,0,0,0
chr13,111293757,111358862,CARS2,1,0,0,0,0
chr13,111364970,111375686,ING1,1,0,0,0,0
chr13,113760102,113774999,F7,1,0,0,0,0
chr13,113777113,113803843,F10,1,0,0,0,0
chr13,113812962,113826700,PROZ,1,0,0,0,0
chr13,114321534,114440709,GRK1,1,0,0,0,0
chr13,115079978,115092797,CHAMP1,1,0,0,0,0
chr14,20914560,20922971,OSGEP,1,0,0,0,0
chr14,20937565,20945248,PNP,1,0,0,0,0
chr14,21152336,21162345,ANG,1,0,0,0,0
chr14,21748242,21819460,RPGRIP1,1,0,0,0,1
chr14,21853358,21924282,CHD8,1,0,0,0,0
chr14,21989231,22005255,SALL2,1,0,0,0,0
chr14,23016447,23021075,TRAC,1,0,0,0,0
chr14,23242431,23289000,SLC7A7,1,1,0,1,0
chr14,23305794,23316967,MMP14,1,0,0,0,0
chr14,23586515,23588464,CEBPE,1,0,0,0,0
chr14,23790666,23795372,PABPN1,1,0,0,0,0
chr14,23851196,23877482,MYH6,1,0,0,0,1
chr14,23881949,23904869,MYH7,1,0,0,0,1
chr14,23990066,24020974,ZFHX2,1,0,0,0,0
chr14,24547871,24584158,NRL,1,0,0,0,0
chr14,24563520,24573334,PCK2,1,0,0,0,0
chr14,24630474,24635774,IRF9,1,0,0,0,0
chr14,24708846,24711880,TINF2,1,0,0,0,0
chr14,24718320,24732383,TGM1,1,0,0,1,0
chr14,29235993,29239483,FOXG1,1,0,0,0,0
chr14,30045685,30397053,PRKD1,1,0,0,0,0
chr14,31343765,31359824,COCH,1,0,0,0,0
chr14,31494312,31565656,AP4S1,1,0,0,0,0
chr14,32030610,32330430,NUBPL,1,0,0,0,0
chr14,35178319,35183799,CFL2,1,0,0,0,0
chr14,35452198,35498773,SRP54,1,0,0,0,0
chr14,35554678,35591504,PPP2R3C,1,0,0,0,0
chr14,35747764,35786699,PSMA6,1,0,0,0,0
chr14,35870719,35873955,NFKBIA,1,0,0,0,0
chr14,36007562,36278501,RALGAPA1,1,0,0,0,1
chr14,36985602,36989437,NKX2-1,1,0,0,0,0
chr14,37126773,37148567,PAX9,1,0,0,0,0
chr14,37147126,37641811,SLC25A21,1,0,0,0,0
chr14,39501123,39572439,SEC23A,1,0,0,0,0
chr14,39617018,39639537,TRAPPC6B,1,0,0,0,0
chr14,45431393,45543634,TOGARAM1,1,0,0,0,0
chr14,45605133,45670093,FANCM,1,0,0,0,0
chr14,50037706,50065428,RPS29,1,0,0,0,0
chr14,50087517,50090199,MGAT2,1,0,0,0,0
chr14,50091892,50101962,DNAAF2,1,0,0,0,0
chr14,50248801,50319506,NEMF,1,0,0,0,0
chr14,50583848,50698296,SOS2,1,0,0,0,0
chr14,50709152,50778947,L2HGDH,1,0,0,0,0
chr14,50999800,51099786,ATL1,1,0,0,0,0
chr14,51186481,51297880,NIN,1,0,0,0,0
chr14,51371935,51411201,PYGL,1,0,0,0,0
chr14,52734416,52743442,PTGDR,1,0,0,0,0
chr14,52781030,52795316,PTGER2,1,0,0,0,0
chr14,53503473,53620041,DDHD1,1,0,0,0,0
chr14,54416454,54423609,BMP4,1,0,0,0,0
chr14,55308735,55369544,GCH1,1,0,0,1,0
chr14,57046516,57116233,TMEM260,1,0,0,0,0
chr14,57266623,57277197,OTX2,1,0,0,0,1
chr14,58894118,59018015,KIAA0586,1,0,0,1,0
chr14,59100779,59115039,DACT1,1,0,0,0,0
chr14,60902674,60952781,C14orf39,1,0,0,0,1
chr14,60975864,60979568,SIX6,1,0,0,0,0
chr14,61110139,61116195,SIX1,1,0,0,0,0
chr14,61438159,61448408,TRMT5,1,0,0,0,0
chr14,61788297,62017694,PRKCH,1,0,0,0,0
chr14,64319722,64693167,SYNE2,1,0,0,0,0
chr14,64693425,64805331,ESR2,1,0,0,0,0
chr14,64855071,64926743,MTHFD1,1,0,0,0,1
chr14,65213001,65346625,SPTB,1,0,0,0,0
chr14,65472819,65569413,MAX,1,0,0,0,0
chr14,65877310,66210839,FUT8,1,0,0,0,0
chr14,66974865,67648520,GPHN,1,0,0,0,0
chr14,68056023,68067018,PIGH,1,0,0,0,1
chr14,68143517,68162481,RDH11,1,0,0,0,0
chr14,68168603,68201168,RDH12,1,0,0,1,0
chr14,68213239,68283307,ZFYVE26,1,0,0,1,0
chr14,69340845,69446019,ACTN1,1,0,0,0,0
chr14,70346133,70499083,SMOC1,1,0,0,0,0
chr14,73603215,73690399,PSEN1,1,0,0,0,0
chr14,74111689,74170435,DNAL1,1,0,0,0,0
chr14,74416621,74430373,COQ6,1,0,0,0,0
chr14,74523550,74551156,ALDH6A1,1,0,0,0,0
chr14,74706152,74729441,VSX2,1,1,0,1,0
chr14,74751972,74769637,ABCD4,1,0,0,0,0
chr14,74946638,74960215,NPC2,1,1,0,1,1
chr14,74960468,74963809,ISCA2,1,0,0,0,1
chr14,74964886,75078940,LTBP2,1,0,0,0,0
chr14,75348619,75370446,DLST,1,0,0,0,1
chr14,75469624,75479069,EIF2B2,1,0,0,1,0
chr14,75480478,75518170,MLH3,1,0,0,0,0
chr14,75546056,75593751,NEK9,1,0,0,0,1
chr14,76044963,76114510,FLVCR2,1,0,0,0,0
chr14,76127589,76421422,TTLL5,1,0,0,0,0
chr14,76424440,76449354,TGFB3,1,0,0,0,0
chr14,76452106,76550416,IFT43,1,0,0,0,0
chr14,76777120,76968180,ESRRB,1,0,0,0,0
chr14,77490886,77495051,IRF2BPL,1,0,0,0,0
chr14,77741299,77787226,POMT2,1,0,0,1,0
chr14,77787379,77797940,GSTZ1,1,0,0,0,0
chr14,77893018,77923944,VIPAS39,1,0,0,0,0
chr14,77972340,78082980,SPTLC2,1,0,0,0,0
chr14,81421965,81612650,TSHR,1,1,0,1,1
chr14,88399358,88460011,GALC,1,1,0,1,0
chr14,88852001,88904804,SPATA7,1,0,0,0,0
chr14,89029381,89093940,ZC3H14,1,0,0,0,0
chr14,89290497,89347423,TTC8,1,0,0,1,0
chr14,90422271,90511108,TDP1,1,0,0,0,0
chr14,90862846,90874612,CALM1,1,0,0,0,1
chr14,91698876,91720224,GPR68,1,0,0,0,0
chr14,91737667,91884164,CCDC88C,1,1,0,1,0
chr14,92335755,92414038,FBLN5,1,0,0,0,0
chr14,92432335,92506403,TRIP11,1,0,0,0,0
chr14,92511119,92572926,ATXN3,1,0,0,0,0
chr14,92788925,92967825,SLC24A4,1,0,0,0,0
chr14,93673601,93695561,UBR7,1,0,0,0,0
chr14,94770585,94789673,SERPINA6,1,0,0,0,0
chr14,94843084,94856972,SERPINA1,1,1,0,1,0
chr14,95078728,95090390,SERPINA3,1,0,0,0,0
chr14,95234560,95236450,GSC,1,0,0,0,0
chr14,95552565,95624347,DICER1,1,0,0,0,0
chr14,96001387,96011051,GLRX5,1,0,0,0,0
chr14,96152763,96158965,TCL1B,1,0,0,0,0
chr14,96176284,96180462,TCL1A,1,0,0,0,0
chr14,96858465,96955764,AK7,1,0,0,0,0
chr14,97263719,97347946,VRK1,1,0,0,1,0
chr14,99635624,99738534,BCL11B,1,0,0,0,0
chr14,99947746,99978777,CCNK,1,0,0,0,0
chr14,100204059,100408397,EML1,1,0,0,0,0
chr14,100705481,100749125,YY1,1,0,0,0,1
chr14,100800127,100842664,WARS1,1,0,0,0,0
chr14,102430910,102522780,DYNC1H1,1,0,0,0,0
chr14,102829278,102968814,TECPR2,1,0,0,1,0
chr14,103243786,103377837,TRAF3,1,0,0,0,0
chr14,103389000,103397179,AMN,1,0,0,1,0
chr14,103851752,103970168,MARK3,1,0,0,0,0
chr14,104029297,104057236,COA8,1,0,0,0,0
chr14,104163954,104181788,XRCC3,1,0,0,0,0
chr14,104394793,104519004,TDRD9,1,0,0,0,0
chr14,105147470,105188872,INF2,1,0,0,0,0
chr14,105190566,105213662,ADSS1,1,0,0,0,0
chr14,105235686,105262085,AKT1,1,0,0,0,0
chr14,105266891,105271049,ZBTB42,1,0,0,0,0
chr14,105675623,105781926,BRF1,1,0,0,0,1
chr14,105767111,105864484,PACS2,1,0,0,0,0
chr14,106109540,106111126,IGHG2,1,0,0,0,0
chr14,106318298,106322322,IGHM,1,0,0,0,0
chr15,23043279,23086843,NIPA1,1,0,0,0,1
chr15,23810821,23813191,MKRN3,1,0,0,0,0
chr15,23888696,23893014,MAGEL2,1,0,0,0,0
chr15,23930547,23932452,NDN,1,0,0,0,0
chr15,25068784,25223870,SNRPN,1,0,0,0,0
chr15,25578875,25684203,UBE3A,1,0,0,0,1
chr15,26788699,27018910,GABRB3,1,0,0,0,0
chr15,27111866,27194355,GABRA5,1,0,0,0,0
chr15,28000021,28344461,OCA2,1,1,0,1,0
chr15,28356186,28567325,HERC2,1,0,0,1,1
chr15,29557193,29562026,NSMCE3,1,0,0,1,0
chr15,31196055,31235311,FAN1,1,0,0,0,0
chr15,31293268,31453363,TRPM1,1,0,0,0,0
chr15,34521985,34630258,SLC12A6,1,1,0,1,0
chr15,34633920,34635337,NOP10,1,0,0,0,0
chr15,35082431,35087750,ACTC1,1,0,0,0,0
chr15,36871827,37102445,CDIN1,1,0,0,0,0
chr15,37181405,37393512,MEIS2,1,0,0,0,0
chr15,38545037,38649450,SPRED1,1,0,0,0,0
chr15,38780304,38857015,RASGRP1,1,0,0,0,0
chr15,40226316,40327792,EIF2AK4,1,0,0,0,0
chr15,40453270,40513324,BUB1B,1,0,0,0,0
chr15,40580110,40600136,PLCB2,1,0,0,0,0
chr15,40697996,40728146,IVD,1,1,0,1,0
chr15,40763183,40765357,CHST14,1,0,0,0,0
chr15,40813192,40857241,CCDC32,1,0,0,0,0
chr15,40886447,40956540,KNL1,1,0,0,0,0
chr15,40987372,41024538,RAD51,1,0,0,0,0
chr15,41221538,41231271,DLL4,1,0,0,0,0
chr15,41523466,41574085,CHP1,1,0,0,0,0
chr15,41679551,41694694,NDUFAF1,1,0,0,0,0
chr15,42066682,42120053,MAPKBP1,1,0,0,0,0
chr15,42651699,42704515,CAPN3,1,1,0,1,0
chr15,43015742,43029326,CDAN1,1,0,0,0,0
chr15,43030928,43212976,TTBK2,1,0,0,0,0
chr15,43235095,43398236,UBR1,1,0,0,1,0
chr15,43489425,43513216,EPB42,1,0,0,0,0
chr15,43524788,43559126,TGM5,1,0,0,0,0
chr15,43663299,43701969,TUBGCP4,1,0,0,0,0
chr15,43891761,43910998,STRC,1,0,0,0,1
chr15,44854894,44955860,SPG11,1,0,0,1,0
chr15,44957930,45003588,PATL2,1,0,0,0,0
chr15,45003715,45010343,B2M,1,0,0,0,0
chr15,45315393,45369383,SORD,1,0,0,0,1
chr15,45384848,45406370,DUOX2,1,0,0,1,1
chr15,45406524,45410619,DUOXA2,1,0,0,1,0
chr15,45653322,45694425,GATM,1,0,0,1,0
chr15,45879321,45901914,BLOC1S6,1,0,0,1,0
chr15,48413187,48434869,SLC24A5,1,0,0,0,0
chr15,48498499,48596275,SLC12A1,1,0,0,1,0
chr15,48700510,48937906,FBN1,1,0,0,0,0
chr15,49030135,49103266,CEP152,1,0,0,1,0
chr15,50534144,50557923,HDC,1,0,0,0,0
chr15,50716602,50806618,USP8,1,0,0,0,1
chr15,50849355,50978994,TRPM7,1,0,0,0,0
chr15,51200880,51298092,AP4E1,1,0,0,0,0
chr15,51500254,51630793,CYP19A1,1,0,1,1,0
chr15,51633852,51700197,GLDN,1,0,0,0,0
chr15,51739988,51914968,DMXL2,1,0,0,0,0
chr15,52407297,52483589,GNB5,1,0,0,0,0
chr15,52599480,52821247,MYO5A,1,0,0,0,0
chr15,53805938,54055075,WDR72,1,0,0,0,0
chr15,55495164,55582011,RAB27A,1,0,0,0,0
chr15,55611420,55647846,PIGB,1,0,0,0,0
chr15,55709953,55800432,DNAAF4,1,0,0,0,0
chr15,56720922,56757335,MNS1,1,0,0,0,0
chr15,57210288,57583508,TCF12,1,0,0,0,0
chr15,58724190,58862043,LIPC,1,0,0,0,0
chr15,58881008,59041906,ADAM10,1,0,0,0,0
chr15,59424633,59665070,MYO1E,1,0,0,0,0
chr15,60780483,61521501,RORA,1,0,0,0,0
chr15,62144588,62352646,VPS13C,1,0,0,0,0
chr15,63334946,63364114,TPM1,1,0,0,0,0
chr15,63613577,63674045,CA12,1,0,0,0,0
chr15,63900817,64126147,HERC1,1,0,0,0,0
chr15,64448016,64455221,PPIB,1,0,0,0,0
chr15,64680035,64747502,TRIP4,1,0,0,0,0
chr15,65255363,65282252,SPG21,1,0,0,0,0
chr15,65293850,65321977,MTFMT,1,0,0,0,0
chr15,65369084,65372286,KBTBD13,1,0,0,0,0
chr15,65440557,65477680,CLPX,1,0,0,0,0
chr15,65487098,65503811,CILP,1,0,0,0,0
chr15,65903688,65953340,SLC24A1,1,0,0,0,0
chr15,66679250,66783882,MAP2K1,1,0,0,0,1
chr15,66994574,67075187,SMAD6,1,0,0,0,0
chr15,67357940,67487507,SMAD3,1,0,0,0,0
chr15,67493005,67547536,AAGAB,1,0,0,0,0
chr15,68499330,68549549,CLN6,1,0,0,1,0
chr15,72102894,72110594,NR2E3,1,1,0,1,0
chr15,72114632,72410491,MYO9A,1,0,0,0,1
chr15,72633265,72668355,HEXA,1,1,0,1,0
chr15,72978548,73030814,BBS4,1,0,0,1,0
chr15,73612200,73661299,HCN4,1,0,0,0,0
chr15,73735505,73852354,REC114,1,0,0,0,0
chr15,74218803,74244477,LOXL1,1,0,0,0,0
chr15,74287057,74340168,PML,1,0,0,0,0
chr15,74471807,74502046,STRA6,1,0,0,0,0
chr15,74630103,74659987,CYP11A1,1,1,1,1,0
chr15,74701630,74726299,SEMA7A,1,0,0,0,0
chr15,74922899,74988365,EDC3,1,0,0,0,1
chr15,75182383,75194560,MPI,1,1,0,1,0
chr15,75212132,75230414,COX5A,1,0,0,0,1
chr15,75661720,75748156,SIN3A,1,0,0,0,0
chr15,76507694,76603810,ETFA,1,0,0,1,1
chr15,76640245,77197681,SCAPER,1,0,0,0,0
chr15,77287021,77329816,PSTPIP1,1,0,0,0,0
chr15,77905369,78113242,LINGO1,1,0,0,0,0
chr15,78396948,78423877,CIB2,1,0,0,1,0
chr15,78441704,78464287,IDH3A,1,0,0,0,0
chr15,78729773,78793795,IREB2,1,0,0,0,0
chr15,78857862,78887611,CHRNA5,1,0,0,0,0
chr15,78885394,78913338,CHRNA3,1,0,0,0,0
chr15,79502130,79502213,MIR184,1,0,0,0,0
chr15,80135889,80189627,MTHFS,1,0,0,0,0
chr15,80445131,80479291,FAH,1,1,0,1,0
chr15,80696724,80890274,ARNT2,1,0,0,0,0
chr15,81238630,81282160,MESD,1,0,0,0,0
chr15,82422574,82555075,EFL1,1,0,0,0,1
chr15,83328033,83378627,AP3B2,1,0,0,0,0
chr15,83517735,83621472,HOMER2,1,0,0,0,0
chr15,83924636,83953416,BNC1,1,0,0,0,0
chr15,85182516,85197514,WDR73,1,0,0,0,0
chr15,85360587,85416710,ALPK3,1,0,0,0,0
chr15,85427893,85518880,SLC28A1,1,0,0,0,0
chr15,86622851,87572283,AGBL1,1,0,0,0,0
chr15,89346667,89418584,ACAN,1,0,0,0,1
chr15,89753100,89764810,RLBP1,1,0,0,1,0
chr15,89787210,89860490,FANCI,1,0,0,1,0
chr15,89859551,89878055,POLG,1,1,0,1,0
chr15,90171208,90198698,KIF7,1,0,0,0,0
chr15,90207598,90222598,PLIN1,1,0,0,0,0
chr15,90319563,90321985,MESP2,1,0,0,1,0
chr15,90626277,90645700,IDH2,1,0,0,0,0
chr15,90773207,90808991,CIB1,1,0,0,0,0
chr15,91260577,91359396,BLM,1,1,0,1,0
chr15,91541646,91565851,VPS33B,1,0,0,0,0
chr15,93443554,93571226,CHD2,1,0,0,0,0
chr15,96869275,96883492,NR2F2,1,0,0,0,0
chr15,99191768,99507759,IGF1R,1,0,0,0,0
chr15,100105622,100256693,MEF2A,1,0,0,0,1
chr15,100511642,100882180,ADAMTS17,1,0,0,0,0
chr15,100940600,101084888,CERS3,1,0,0,0,0
chr15,101107129,101142389,LINS1,1,0,0,1,1
chr15,101420036,101456831,ALDH1A3,1,0,0,0,0
chr15,101715932,101792253,CHSY1,1,0,0,0,0
chr16,135385,188672,NPRL3,1,0,0,0,0
chr16,222875,223709,HBA2,1,1,0,1,1
chr16,226679,227521,HBA1,1,1,0,1,1
chr16,337440,402723,AXIN1,1,0,0,0,0
chr16,619968,634109,PIGQ,1,0,0,0,0
chr16,730410,732801,STUB1,1,0,0,0,0
chr16,772582,776880,CCDC78,1,0,0,0,0
chr16,903634,1031613,LMF1,1,0,0,0,0
chr16,1203106,1271768,CACNA1H,1,0,0,0,0
chr16,1401932,1414114,GNPTG,1,0,0,1,0
chr16,1481079,1484442,PERCC1,1,0,0,0,0
chr16,1494936,1525029,CLCN7,1,0,0,0,0
chr16,1543361,1560455,TELO2,1,0,0,0,0
chr16,1560428,1662073,IFT140,1,0,0,0,0
chr16,1756196,1820352,MAPK8IP3,1,0,0,0,0
chr16,1821896,1823135,MRPS34,1,0,0,0,0
chr16,1840414,1844909,IGFALS,1,0,0,0,0
chr16,1857630,1877195,HAGH,1,0,0,0,0
chr16,1883987,1922165,MEIOB,1,0,0,0,0
chr16,2009539,2011976,NDUFB10,1,0,0,0,0
chr16,2034194,2037750,GFER,1,0,0,0,0
chr16,2089821,2097835,NTHL1,1,0,0,0,0
chr16,2097986,2139492,TSC2,1,0,0,0,0
chr16,2138709,2185899,PKD1,1,0,0,0,1
chr16,2205783,2228130,TRAF7,1,0,0,0,0
chr16,2325882,2390729,ABCA3,1,1,0,1,0
chr16,2479448,2508855,CCNF,1,0,0,0,0
chr16,2525128,2555731,TBC1D24,1,0,0,1,0
chr16,3062924,3064506,CLDN9,1,0,0,0,0
chr16,3074036,3077751,THOC6,1,0,0,0,0
chr16,3292027,3306633,MEFV,1,1,0,1,0
chr16,3631182,3661607,SLX4,1,0,0,0,0
chr16,3661761,3715462,DNASE1,1,0,0,0,0
chr16,3775055,3930714,CREBBP,1,0,0,0,0
chr16,4364762,4389596,GLIS2,1,0,0,0,0
chr16,4390252,4401322,PAM16,1,0,0,0,0
chr16,4827607,4838346,SEPTIN12,1,0,0,0,0
chr16,4846969,4852634,ROGDI,1,0,0,0,0
chr16,5121844,5137380,ALG1,1,0,0,1,0
chr16,8768474,8878427,ABAT,1,0,0,1,0
chr16,8891696,8943182,PMM2,1,1,0,1,1
chr16,8985954,9057763,USP7,1,0,0,0,0
chr16,9847261,10276765,GRIN2A,1,0,0,0,0
chr16,10622279,10674455,EMP2,1,0,0,0,0
chr16,10971055,11030251,CIITA,1,0,0,1,0
chr16,11641578,11681322,LITAF,1,0,0,0,0
chr16,14014011,14046205,ERCC4,1,0,0,0,0
chr16,14529558,14724117,PARN,1,0,0,0,0
chr16,15737239,15820210,NDE1,1,0,0,0,0
chr16,15796992,15950885,MYH11,1,0,0,0,0
chr16,16043473,16236910,ABCC1,1,0,0,0,0
chr16,16243422,16317351,ABCC6,1,1,0,1,1
chr16,17195626,17564817,XYLT1,1,0,0,0,0
chr16,18792617,18801656,RPS15A,1,0,0,0,0
chr16,18802989,18812871,ARL6IP1,1,0,0,0,1
chr16,19078936,19091417,COQ7,1,0,0,0,0
chr16,19567025,19712485,VPS35L,1,0,0,0,0
chr16,20344373,20364037,UMOD,1,0,0,0,0
chr16,20775336,20808903,ACSM3,1,0,0,0,1
chr16,21208771,21225831,ZP2,1,0,0,0,0
chr16,21269842,21314383,CRYM,1,0,0,0,0
chr16,21675289,21772050,OTOA,1,0,0,1,1
chr16,21964682,21994981,UQCRC2,1,0,0,0,1
chr16,23194066,23228204,SCNN1G,1,0,0,0,0
chr16,23313623,23392615,SCNN1B,1,0,0,0,0
chr16,23399814,23464510,COG7,1,0,0,0,0
chr16,23532075,23568696,EARS2,1,0,0,1,0
chr16,23614486,23652631,PALB2,1,0,0,0,0
chr16,24621526,24837539,TNRC6A,1,0,0,0,0
chr16,27325295,27376099,IL4R,1,0,0,0,0
chr16,27413495,27463363,IL21R,1,0,0,0,0
chr16,27561465,27791665,KATNIP,1,0,0,0,0
chr16,28477974,28503403,CLN3,1,1,0,1,0
chr16,28853732,28857669,TUFM,1,0,0,0,1
chr16,28889809,28915787,ATP2A1,1,0,0,0,0
chr16,28943292,28950663,CD19,1,0,0,0,0
chr16,28996124,29002105,LAT,1,0,0,0,0
chr16,29802072,29816706,KIF22,1,0,0,0,0
chr16,29823514,29827202,PRRT2,1,0,0,0,0
chr16,30075600,30081741,ALDOA,1,0,0,0,0
chr16,30097114,30103245,TBX6,1,0,0,0,0
chr16,30194923,30200397,CORO1A,1,0,0,0,1
chr16,30382255,30389312,MYL11,1,0,0,0,0
chr16,30710492,30752730,SRCAP,1,0,0,0,0
chr16,30759746,30772497,PHKG2,1,0,0,1,0
chr16,30969075,30995985,SETD1A,1,0,0,0,0
chr16,30996528,31000468,HSD3B7,1,0,0,0,0
chr16,31000577,31021959,STX1B,1,0,0,0,0
chr16,31102175,31106118,VKORC1,1,0,0,0,0
chr16,31119707,31124159,BCKDK,1,0,0,0,0
chr16,31128985,31142714,KAT8,1,0,0,0,0
chr16,31191431,31206192,FUS,1,0,0,0,0
chr16,31439052,31439681,COX6A2,1,0,0,0,0
chr16,31469625,31478488,ARMC5,1,0,0,0,0
chr16,31494444,31502090,SLC5A2,1,0,0,0,0
chr16,46690044,46723090,VPS35,1,0,0,0,1
chr16,46723571,46732306,ORC6,1,0,0,0,0
chr16,46918274,46965201,GPT2,1,0,0,0,0
chr16,47495210,47735434,PHKB,1,0,0,1,0
chr16,48199684,48281450,ABCC11,1,0,0,0,0
chr16,49521435,49891830,ZNF423,1,0,0,0,0
chr16,50727517,50766986,NOD2,1,0,0,0,0
chr16,50775997,50835846,CYLD,1,0,0,0,0
chr16,51169893,51185181,SALL1,1,0,0,0,1
chr16,53632065,53737771,RPGRIP1L,1,0,0,1,0
chr16,53737875,54155853,FTO,1,0,0,0,1
chr16,54964777,54968397,IRX5,1,0,0,0,0
chr16,55512742,55540603,MMP2,1,0,0,0,0
chr16,55689900,55740104,SLC6A2,1,0,0,0,0
chr16,55836763,55867008,CES1,1,0,0,0,1
chr16,56225401,56391356,GNAO1,1,0,0,0,0
chr16,56504315,56553936,BBS2,1,1,0,1,1
chr16,56764041,56884198,NUP93,1,0,0,0,0
chr16,56899119,56949762,SLC12A3,1,1,0,1,0
chr16,56995862,57017757,CETP,1,0,0,0,0
chr16,57220241,57274381,RSPRY1,1,0,0,0,0
chr16,57279171,57287547,ARL2BP,1,0,0,0,0
chr16,57481391,57495182,COQ9,1,0,0,0,0
chr16,57653650,57699479,ADGRG1,1,0,0,1,0
chr16,57769682,57791156,KATNB1,1,0,0,0,0
chr16,57916244,58005032,CNGB1,1,0,0,0,0
chr16,58033507,58055522,USB1,1,0,0,0,0
chr16,58553855,58663730,CNOT1,1,0,0,0,0
chr16,58741035,58768220,GOT2,1,0,0,0,0
chr16,64977656,65155966,CDH11,1,0,0,0,0
chr16,66461198,66529191,BEAN1,1,0,0,0,0
chr16,66541906,66584194,TK2,1,0,0,1,0
chr16,67063052,67134961,CBFB,1,0,0,0,0
chr16,67197664,67203844,HSF4,1,0,0,0,0
chr16,67204441,67209640,NOL3,1,0,0,0,0
chr16,67465024,67471456,HSD11B2,1,0,0,0,0
chr16,67516474,67517450,AGRP,1,0,0,0,0
chr16,67596429,67673088,CTCF,1,0,0,0,0
chr16,67679047,67691472,CARMIL2,1,0,0,0,0
chr16,67691415,67694163,ACD,1,0,0,0,0
chr16,67862060,67881596,CENPT,1,0,0,0,0
chr16,67968409,67970753,PSMB10,1,0,0,0,0
chr16,67973653,67978023,LCAT,1,0,0,0,0
chr16,68331937,68344849,SLC7A6OS,1,0,0,0,0
chr16,68344922,68392487,PRMT7,1,0,0,0,0
chr16,68679213,68734195,CDH3,1,0,0,0,0
chr16,68771195,68869440,CDH1,1,0,0,0,0
chr16,69360331,69373467,COG8,1,0,0,0,0
chr16,69743304,69760463,NQO1,1,0,0,0,0
chr16,70286201,70323409,AARS1,1,0,0,0,0
chr16,70488498,70514177,FCSK,1,0,0,0,0
chr16,70514470,70557457,COG4,1,0,0,0,0
chr16,70721342,70835061,VAC14,1,0,0,0,0
chr16,71599563,71610995,TAT,1,1,0,1,0
chr16,72042643,72061558,DHODH,1,0,0,0,0
chr16,72088404,72094954,HP,1,0,0,0,1
chr16,72127746,72146811,DHX38,1,0,0,0,0
chr16,72152996,72206369,PMFBP1,1,0,0,0,0
chr16,72816784,73925829,ZFHX3,1,0,0,0,0
chr16,74655297,74700775,RFWD3,1,0,0,0,0
chr16,74746867,74808718,FA2H,1,0,0,0,0
chr16,75145762,75150678,LDHD,1,0,0,0,0
chr16,75505940,75529339,CHST6,1,0,0,1,0
chr16,75570639,75590184,TMEM231,1,0,0,0,1
chr16,75661622,75681563,KARS1,1,0,0,0,0
chr16,77316025,77468931,ADAMTS18,1,0,0,0,0
chr16,78133551,79246564,WWOX,1,0,0,1,1
chr16,79627735,79634634,MAF,1,0,0,0,0
chr16,81115550,81130000,GCSH,1,0,0,0,0
chr16,81272294,81324747,BCO1,1,0,0,0,0
chr16,81348567,81424414,GAN,1,0,0,0,0
chr16,81772646,81996290,PLCG2,1,0,0,0,0
chr16,83932720,83960636,MLYCD,1,0,0,1,0
chr16,84043272,84076400,SLC38A8,1,0,0,1,0
chr16,84087368,84150547,MBTPS1,1,0,0,0,0
chr16,84178913,84211526,DNAAF1,1,0,0,0,0
chr16,85833301,85840674,COX4I1,1,0,0,0,0
chr16,85932768,85956215,IRF8,1,0,0,0,0
chr16,86544133,86549028,FOXF1,1,0,0,0,0
chr16,86600435,86603334,FOXC2,1,0,0,0,0
chr16,87360593,87425727,FBXO31,1,0,0,0,0
chr16,87635441,87731762,JPH3,1,0,0,0,0
chr16,87915155,87970135,CA5A,1,0,0,0,1
chr16,88449367,88507161,ZNF469,1,0,0,1,0
chr16,88709697,88717461,CYBA,1,0,0,1,0
chr16,88718348,88729499,MVD,1,0,0,0,0
chr16,88772911,88781804,CTU2,1,0,0,0,0
chr16,88781746,88851628,PIEZO1,1,0,0,0,1
chr16,88870197,88875666,CDT1,1,0,0,0,0
chr16,88875747,88878336,APRT,1,0,0,0,0
chr16,88880142,88923355,GALNS,1,0,0,1,0
chr16,88922628,88929086,TRAPPC2L,1,0,0,0,0
chr16,89160260,89222641,ACSF3,1,0,0,1,0
chr16,89238156,89261900,CDH15,1,0,0,0,0
chr16,89334038,89556969,ANKRD11,1,0,0,0,1
chr16,89574796,89624176,SPG7,1,0,0,0,0
chr16,89627065,89633237,RPL13,1,0,0,0,0
chr16,89710843,89724116,CHMP1A,1,0,0,0,1
chr16,89753097,89762762,CDK10,1,0,0,0,0
chr16,89803957,89883055,FANCA,1,0,0,1,0
chr16,89985270,89987380,MC1R,1,0,0,0,0
chr16,89988333,90002505,TUBB3,1,0,0,0,0
chr16,90086041,90111368,GAS8,1,0,0,0,0
chr17,411908,618079,VPS53,1,0,0,1,0
chr17,647661,655504,GEMIN4,1,0,0,0,0
chr17,702550,883016,NXN,1,0,0,0,1
chr17,900369,906911,TIMM22,1,0,0,0,0
chr17,1173738,1175109,BHLHA9,1,0,0,0,0
chr17,1397871,1419906,INPP5K,1,0,0,0,0
chr17,1553923,1588161,PRPF8,1,0,0,0,0
chr17,1619817,1641879,WDR81,1,0,0,0,0
chr17,1646165,1658559,SERPINF2,1,0,0,0,0
chr17,1665354,1680859,SERPINF1,1,0,0,0,0
chr17,1933406,1947192,DPH1,1,0,0,0,0
chr17,2496948,2588909,PAFAH1B1,1,0,0,0,1
chr17,3377404,3406699,ASPA,1,1,0,1,0
chr17,3413796,3461106,TRPV3,1,0,0,0,0
chr17,3511534,3539544,SHPK,1,0,0,0,0
chr17,3539753,3566397,CTNS,1,1,0,1,0
chr17,4402176,4442330,SPNS2,1,0,0,0,0
chr17,4643128,4649414,ZMYND15,1,0,0,0,0
chr17,4801066,4806393,CHRNE,1,1,0,1,0
chr17,4835572,4838318,GP1BA,1,1,0,1,0
chr17,4840425,4843341,SLC25A11,1,0,0,0,0
chr17,4848947,4851825,PFN1,1,0,0,0,0
chr17,4853847,4860424,ENO3,1,0,0,0,0
chr17,4901245,4931696,KIF1C,1,0,0,0,0
chr17,4935897,4938721,SLC52A1,1,0,0,0,0
chr17,5288153,5322982,NUP88,1,0,0,0,0
chr17,5336097,5342475,C1QBP,1,0,0,0,0
chr17,5404716,5487829,NLRP1,1,0,0,0,0
chr17,6327058,6338441,AIPL1,1,0,0,1,0
chr17,6354583,6459875,PITPNM3,1,0,0,0,0
chr17,6481467,6544031,KIAA0753,1,0,0,0,0
chr17,6588038,6616688,SLC13A5,1,0,0,0,0
chr17,7090506,7123369,DLG4,1,0,0,0,0
chr17,7120444,7128585,ACADVL,1,1,0,1,0
chr17,7348380,7361029,CHRNB1,1,0,0,0,0
chr17,7387685,7417933,POLR2A,1,0,0,0,0
chr17,7486965,7491530,MPDU1,1,0,0,0,0
chr17,7571739,7590808,TP53,1,0,0,0,0
chr17,7589389,7606820,WRAP53,1,0,0,0,0
chr17,7621062,7737060,DNAH2,1,0,0,0,0
chr17,7737535,7758114,KDM6B,1,0,0,0,0
chr17,7788114,7816073,CHD3,1,0,0,0,0
chr17,7905933,7923660,GUCY2D,1,0,0,1,0
chr17,7975954,7991034,ALOX12B,1,0,0,0,0
chr17,7999218,8022234,ALOXE3,1,0,0,0,0
chr17,8023910,8027424,HES7,1,0,0,0,0
chr17,8062465,8066266,VAMP2,1,0,0,0,0
chr17,8075775,8079698,TMEM107,1,0,0,0,0
chr17,8076770,8076906,SNORD118,1,0,0,0,0
chr17,8128133,8151374,CTC1,1,0,0,0,0
chr17,8280834,8286511,RPL26,1,0,0,0,0
chr17,8782233,8869024,PIK3R5,1,0,0,0,0
chr17,8924827,9147317,NTN1,1,0,0,0,0
chr17,10293639,10325267,MYH8,1,0,0,0,1
chr17,10424465,10452975,MYH2,1,0,0,0,1
chr17,10531849,10560626,MYH3,1,0,0,0,0
chr17,10575791,10600850,SCO1,1,0,0,0,0
chr17,11501787,11873065,DNAH9,1,0,0,0,0
chr17,12569207,12672266,MYOCD,1,0,0,0,0
chr17,12894929,12921344,ELAC2,1,0,0,0,0
chr17,13972821,14111994,COX10,1,0,0,0,1
chr17,15133096,15168643,PMP22,1,0,0,0,0
chr17,15903138,15932718,TTC19,1,0,0,0,0
chr17,16120524,16229725,PIGL,1,0,0,0,0
chr17,16842395,16875432,TNFRSF13B,1,0,0,0,0
chr17,17115526,17140482,FLCN,1,0,0,0,0
chr17,17584772,17714767,RAI1,1,0,0,0,0
chr17,17714648,17740300,SREBF1,1,0,0,0,0
chr17,17921335,17942482,ATPAF2,1,0,0,0,0
chr17,18012070,18083114,MYO15A,1,0,0,1,0
chr17,18163976,18169866,MIEF2,1,0,0,0,0
chr17,18174742,18218308,TOP3A,1,0,0,0,0
chr17,18923969,18950270,GRAP,1,0,0,0,1
chr17,19238008,19281226,B9D1,1,0,0,1,0
chr17,19551449,19580909,ALDH3A2,1,0,0,1,0
chr17,19807615,19881141,AKAP10,1,0,0,0,0
chr17,26083792,26127555,NOS2,1,0,0,0,1
chr17,26684670,26690705,TMEM199,1,0,0,0,0
chr17,26721661,26733230,SLC46A1,1,0,0,1,0
chr17,26833366,26865918,FOXN1,1,0,0,1,0
chr17,26873725,26879646,UNC119,1,0,0,0,0
chr17,26880405,26898542,PIGS,1,0,0,0,0
chr17,27055806,27070473,NEK8,1,0,0,0,0
chr17,27182034,27188079,ERAL1,1,0,0,0,0
chr17,27573877,27581512,CRYBA1,1,0,0,0,0
chr17,28521337,28562715,SLC6A4,1,0,0,0,0
chr17,29421945,29704695,NF1,1,0,0,0,0
chr17,30264026,30328057,SUZ12,1,0,0,0,1
chr17,31255171,31271333,TMEM98,1,0,0,0,0
chr17,32582304,32584222,CCL2,1,0,0,0,0
chr17,32612761,32615353,CCL11,1,0,0,0,0
chr17,32906601,32966337,TMEM132E,1,0,0,0,0
chr17,33419240,33446879,RAD51D,1,0,0,0,0
chr17,33474836,33516364,UNC45B,1,0,0,0,0
chr17,33871004,33887838,SLFN14,1,0,0,0,0
chr17,33901814,33905590,PEX12,1,0,0,1,1
chr17,34071530,34080258,GAS2L2,1,0,0,0,0
chr17,34136488,34174246,TAF15,1,0,0,0,0
chr17,34198495,34207364,CCL5,1,0,0,0,0
chr17,34415602,34417489,CCL3,1,0,0,0,0
chr17,34842525,34855156,ZNHIT3,1,0,0,0,0
chr17,34890814,34895152,PIGW,1,0,0,0,0
chr17,35441927,35766927,ACACA,1,0,0,0,0
chr17,36046434,36105050,HNF1B,1,0,0,0,0
chr17,36480454,36499839,GPR179,1,0,0,0,0
chr17,36890151,36904589,PCGF2,1,0,0,0,0
chr17,37760021,37764173,NEUROD2,1,0,0,0,0
chr17,37821602,37822807,TCAP,1,0,0,0,0
chr17,37827375,37844310,PGAP3,1,0,0,0,0
chr17,37844347,37884911,ERBB2,1,0,0,0,0
chr17,38218446,38250120,THRA,1,0,0,0,0
chr17,38444131,38460909,CDC6,1,0,0,0,0
chr17,38465432,38513895,RARA,1,0,0,0,0
chr17,38544777,38574148,TOP2A,1,0,0,0,0
chr17,38781214,38804070,SMARCE1,1,0,0,0,0
chr17,38904273,38911583,KRT25,1,0,0,0,0
chr17,38974369,38978866,KRT10,1,0,0,0,0
chr17,39017555,39023475,KRT12,1,0,0,0,0
chr17,39657233,39661864,KRT13,1,0,0,0,0
chr17,39722088,39728311,KRT9,1,0,0,0,0
chr17,39738531,39743147,KRT14,1,0,0,0,0
chr17,39766030,39769019,KRT16,1,0,0,0,0
chr17,39775694,39780827,KRT17,1,0,0,0,0
chr17,39910861,39942963,JUP,1,0,0,0,0
chr17,39969256,39979465,FKBP10,1,0,0,1,0
chr17,39991937,40004636,KLHL10,1,0,0,0,0
chr17,40086870,40118521,ODAD4,1,0,0,0,0
chr17,40118813,40129758,CNP,1,0,0,0,0
chr17,40336078,40337470,HCRT,1,0,0,0,0
chr17,40351195,40428409,STAT5B,1,0,0,0,1
chr17,40465342,40540460,STAT3,1,0,0,0,0
chr17,40554467,40575274,CAVIN1,1,0,0,0,0
chr17,40688259,40696467,NAGLU,1,0,0,1,0
chr17,40714166,40718295,COASY,1,0,0,0,0
chr17,40724328,40729849,PSMC3IP,1,0,0,0,0
chr17,40761701,40767256,TUBG1,1,0,0,0,1
chr17,40834549,40852011,CNTNAP1,1,0,0,0,0
chr17,40932628,40949084,WNK4,1,0,0,0,0
chr17,40949643,40950722,COA3,1,0,0,0,0
chr17,41052816,41066455,G6PC1,1,1,0,1,0
chr17,41150290,41154976,RPL27,1,0,0,0,0
chr17,41196312,41322344,BRCA1,1,0,0,0,0
chr17,41717757,41739290,MEOX1,1,0,0,0,0
chr17,41831106,41836159,SOST,1,0,0,0,0
chr17,42081990,42086436,NAGS,1,0,0,1,0
chr17,42148041,42153712,G6PC3,1,0,0,1,0
chr17,42282408,42298672,UBTF,1,0,0,0,0
chr17,42325758,42345503,SLC4A1,1,0,0,0,0
chr17,42422670,42430474,GRN,1,0,0,0,0
chr17,42449549,42467017,ITGA2B,1,0,0,0,0
chr17,42634852,42638630,FZD2,1,0,0,0,0
chr17,42927316,42976813,EFTUD2,1,0,0,0,0
chr17,42977097,42982758,CCDC103,1,0,0,1,0
chr17,42980527,42992868,GFAP,1,0,0,0,0
chr17,43513266,43568087,PLEKHM1,1,0,0,0,1
chr17,43971920,44105700,MAPT,1,0,0,0,0
chr17,44107282,44302733,KANSL1,1,0,0,0,0
chr17,44839872,44896058,WNT3,1,0,0,0,0
chr17,45000526,45044366,GOSR2,1,0,0,0,0
chr17,45286394,45301045,MYL4,1,0,0,0,0
chr17,45331193,45391109,ITGB3,1,0,0,1,0
chr17,45810602,45823488,TBX21,1,0,0,0,0
chr17,46018937,46026674,PNPO,1,0,0,1,0
chr17,46605888,46608373,HOXB1,1,0,0,0,0
chr17,46802125,46806112,HOXB13,1,0,0,0,0
chr17,47481414,47492244,PHB1,1,0,0,0,0
chr17,47676246,47755525,SPOP,1,0,0,0,0
chr17,48046554,48052323,DLX4,1,0,0,0,0
chr17,48067369,48072588,DLX3,1,0,0,0,0
chr17,48133474,48167845,ITGA3,1,0,0,0,0
chr17,48243366,48253289,SGCA,1,1,0,1,0
chr17,48261462,48278992,COL1A1,1,0,0,0,0
chr17,48423487,48438546,XYLT2,1,0,0,0,0
chr17,48638076,48704835,CACNA1G,1,0,0,0,0
chr17,54671060,54672972,NOG,1,0,0,0,0
chr17,54911512,54946928,DGKE,1,0,0,0,0
chr17,55912142,55927405,MRPS23,1,0,0,0,0
chr17,56270087,56282535,EPX,1,0,0,0,0
chr17,56282802,56296616,MKS1,1,0,0,1,0
chr17,56347216,56358296,MPO,1,0,0,0,0
chr17,56429861,56494895,RNF43,1,0,0,0,0
chr17,56634039,56769406,TEX14,1,0,0,0,0
chr17,56769934,56812972,RAD51C,1,0,0,0,0
chr17,57060010,57184241,TRIM37,1,0,0,1,0
chr17,57697256,57774317,CLTC,1,0,0,0,0
chr17,57774669,57784791,PTRH2,1,0,0,0,0
chr17,58677554,58743641,PPM1D,1,0,0,0,0
chr17,59477204,59486827,TBX2,1,0,0,0,0
chr17,59529783,59562471,TBX4,1,0,0,0,0
chr17,59756500,59940889,BRIP1,1,0,0,1,0
chr17,60019966,60142639,MED13,1,0,0,0,1
chr17,60555172,60692842,TLK2,1,0,0,0,1
chr17,61043596,61505064,TANC2,1,0,0,0,0
chr17,61509665,61524000,CYB561,1,0,0,0,0
chr17,61554422,61575734,ACE,1,0,0,0,0
chr17,61678254,61685725,TACO1,1,0,0,0,0
chr17,61780192,61819346,STRADA,1,0,0,0,0
chr17,61822615,61850957,CCDC47,1,0,0,0,0
chr17,61909441,61920045,SMARCD2,1,0,0,0,0
chr17,61972278,61973934,CSH1,1,0,0,0,1
chr17,61994563,61996199,GH1,1,0,0,0,0
chr17,62006100,62009691,CD79B,1,0,0,0,0
chr17,62015914,62050278,SCN4A,1,0,0,0,0
chr17,62473902,62493172,POLG2,1,0,0,0,0
chr17,63133488,63223821,RGS9,1,0,0,0,0
chr17,63524681,63557766,AXIN2,1,0,0,0,0
chr17,63631655,64188251,CEP112,1,0,0,0,0
chr17,64298731,64806861,PRKCA,1,0,0,0,0
chr17,65334032,65362693,PSMD12,1,0,0,0,1
chr17,65821619,65980494,BPTF,1,0,0,0,1
chr17,66255311,66448160,ARSG,1,0,0,0,1
chr17,66409764,66547457,PRKAR1A,1,0,0,0,1
chr17,66531257,66597508,FAM20A,1,0,0,0,0
chr17,67240452,67323274,ABCA5,1,0,0,0,0
chr17,68165673,68176185,KCNJ2,1,0,0,0,0
chr17,70117161,70122557,SOX9,1,0,0,0,0
chr17,71189194,71204646,COG1,1,0,0,0,0
chr17,72270373,72311023,DNAI2,1,0,0,1,0
chr17,72744767,72765492,NHERF1,1,0,0,0,0
chr17,72858619,72869119,FDXR,1,0,0,0,0
chr17,72912175,72919350,USH1G,1,0,0,1,0
chr17,73201774,73231853,NUP85,1,0,0,0,0
chr17,73257960,73262457,MRPS7,1,0,0,0,0
chr17,73269073,73285514,SLC25A19,1,0,0,0,0
chr17,73452716,73496533,TMEM94,1,0,0,0,0
chr17,73512609,73520816,TSEN54,1,0,0,1,0
chr17,73717539,73753899,ITGB4,1,0,0,1,0
chr17,73747550,73761273,GALK1,1,1,0,1,0
chr17,73823306,73840485,UNC13D,1,0,0,1,0
chr17,73841780,73852517,WBP2,1,0,0,0,1
chr17,73937588,73975247,ACOX1,1,0,0,1,0
chr17,74077097,74099868,EXOC7,1,0,0,0,1
chr17,74132414,74137326,FOXJ1,1,0,0,0,0
chr17,74270130,74304357,QRICH2,1,0,0,0,0
chr17,74466975,74497509,RHBDF2,1,0,0,0,0
chr17,74523668,74541458,PRCD,1,0,0,1,0
chr17,74722123,74729963,METTL23,1,0,0,0,0
chr17,75277581,75496678,SEPTIN9,1,0,0,0,0
chr17,76103478,76128508,TMC6,1,0,0,0,0
chr17,76126852,76139049,TMC8,1,0,0,0,0
chr17,76419778,76573478,DNAH17,1,0,0,0,0
chr17,76987798,77005846,CANT1,1,0,0,1,0
chr17,77751947,77761782,CBX2,1,0,0,0,0
chr17,78010441,78074412,CCDC40,1,0,0,0,0
chr17,78075380,78093680,GAA,1,1,0,1,0
chr17,78108168,78120927,EIF4A3,1,0,0,0,1
chr17,78143829,78183130,CARD14,1,0,0,0,0
chr17,78183075,78194132,SGSH,1,0,0,1,0
chr17,78234651,78372594,RNF213,1,0,0,0,0
chr17,79213111,79215110,NDUFAF8,1,0,0,0,0
chr17,79476997,79479825,ACTG1,1,0,0,0,0
chr17,79495403,79504156,FSCN2,1,0,0,0,0
chr17,79617489,79630157,PDE6G,1,0,0,0,0
chr17,79670397,79674547,MRPL12,1,0,0,0,0
chr17,79679314,79688042,SLC25A10,1,0,0,0,0
chr17,79801042,79818411,P4HB,1,0,0,0,0
chr17,79825597,79829213,ARHGDIA,1,0,0,0,0
chr17,79858834,79869275,PCYT2,1,0,0,0,0
chr17,79890267,79895176,PYCR1,1,0,0,0,0
chr17,79935505,79975282,ASPSCR1,1,0,0,0,0
chr17,79989554,79992080,RAC3,1,0,0,0,0
chr17,79993734,79995573,DCXR,1,0,0,0,0
chr17,80196895,80231626,CSNK1D,1,0,0,0,0
chr17,80400462,80408628,CYBC1,1,0,0,0,0
chr17,80572438,80606320,WDR45B,1,0,0,0,1
chr17,80709941,80903790,TBCD,1,0,0,1,0
chr17,80787310,80797898,ZNF750,1,0,0,0,0
chr18,2655725,2805015,SMCHD1,1,0,0,0,0
chr18,2916992,3013142,LPIN2,1,0,0,0,0
chr18,3412007,3459976,TGIF1,1,0,0,0,1
chr18,6941741,7117796,LAMA1,1,0,0,0,0
chr18,9102697,9134339,NDUFV2,1,0,0,0,1
chr18,10454632,10489946,APCDD1,1,0,0,0,0
chr18,10670244,11149568,PIEZO2,1,0,0,0,1
chr18,11689263,11885684,GNAL,1,0,0,0,1
chr18,12307668,12329825,TUBB6,1,0,0,0,1
chr18,12328943,12377226,AFG3L2,1,0,0,0,1
chr18,12658737,12725739,PSMG2,1,0,0,0,0
chr18,13882043,13915706,MC2R,1,0,0,0,0
chr18,18822193,19106073,GREB1L,1,0,0,0,0
chr18,19320753,19450914,MIB1,1,0,0,0,0
chr18,19749550,19782491,GATA6,1,0,0,0,0
chr18,20513291,20606449,RBBP8,1,0,0,0,1
chr18,21111406,21166470,NPC1,1,1,0,1,0
chr18,21269417,21535030,LAMA3,1,0,0,1,0
chr18,23596217,23671183,SS18,1,0,0,0,0
chr18,23806409,23971649,TAF4B,1,0,0,0,0
chr18,24034874,24237437,KCTD1,1,0,0,0,1
chr18,25530930,25757094,CDH2,1,0,0,0,0
chr18,28569331,28622708,DSC3,1,0,0,0,0
chr18,28638806,28682384,DSC2,1,0,0,0,0
chr18,28898123,28939209,DSG1,1,0,0,0,0
chr18,28956740,28994872,DSG4,1,0,0,0,0
chr18,29078140,29128971,DSG2,1,0,0,0,0
chr18,29171840,29178784,TTR,1,0,0,0,0
chr18,29598788,29653182,RNF125,1,0,0,0,0
chr18,31158183,31331159,ASXL3,1,0,0,0,0
chr18,32073276,32471808,DTNA,1,0,0,0,0
chr18,32556991,32723434,MAPRE2,1,0,0,0,0
chr18,33709862,33760520,ELP2,1,0,0,0,0
chr18,33767460,33852120,MOCOS,1,0,0,0,0
chr18,42260038,42648475,SETBP1,1,0,0,0,0
chr18,43304146,43332485,SLC14A1,1,0,0,0,0
chr18,43380546,43547295,EPG5,1,0,0,1,0
chr18,43660214,43684193,ATP5F1A,1,0,0,0,0
chr18,44056924,44237183,LOXHD1,1,0,0,1,0
chr18,44679205,44702735,IER3IP1,1,0,0,0,0
chr18,46446223,46477335,SMAD7,1,0,0,0,0
chr18,46562757,46987015,DYM,1,0,0,1,0
chr18,47349159,47721517,MYO5B,1,0,0,1,0
chr18,47753563,47792865,CFAP53,1,0,0,0,0
chr18,48556583,48611412,SMAD4,1,0,0,0,0
chr18,49866567,51062269,DCC,1,0,0,0,0
chr18,52889416,53303188,TCF4,1,0,0,0,1
chr18,55211609,55253934,FECH,1,0,0,0,1
chr18,55267888,55289068,NARS1,1,0,0,0,0
chr18,55313658,55470547,ATP8B1,1,0,0,1,0
chr18,55711458,56068772,NEDD4L,1,0,0,0,0
chr18,56338697,56421709,MALT1,1,0,0,0,1
chr18,56934270,56940686,RAX,1,0,0,1,0
chr18,56995055,57026497,LMAN1,1,0,0,0,0
chr18,57098171,57364655,CCBE1,1,0,0,0,0
chr18,58038295,58040008,MC4R,1,0,0,0,0
chr18,59708397,59854289,PIGN,1,0,0,1,1
chr18,59992543,60058521,TNFRSF11A,1,0,0,0,0
chr18,60790579,60987002,BCL2,1,0,0,0,0
chr18,60994959,61034439,KDSR,1,0,0,0,0
chr18,61420291,61472604,SERPINB7,1,1,0,0,0
chr18,61637315,61687013,SERPINB8,1,0,0,0,0
chr18,67670267,67872923,RTTN,1,0,0,0,0
chr18,71918081,71959198,CYB5A,1,0,0,0,0
chr18,72922752,73001899,TSHZ1,1,0,0,0,0
chr18,77439803,77516625,CTDP1,1,0,0,0,0
chr18,77730813,77793936,TXNL4A,1,0,0,0,0
chr19,571283,583493,BSG,1,0,0,0,0
chr19,852303,856243,ELANE,1,0,0,0,0
chr19,859664,863641,CFD,1,0,0,0,0
chr19,917333,921005,KISS1R,1,0,1,0,0
chr19,1040106,1065571,ABCA7,1,0,0,0,0
chr19,1103993,1106778,GPX4,1,0,0,0,0
chr19,1205777,1228430,STK11,1,0,0,0,1
chr19,1241750,1244824,ATP5F1D,1,0,0,0,0
chr19,1383906,1395583,NDUFS7,1,0,0,1,0
chr19,1397025,1401541,GAMT,1,0,0,1,0
chr19,1450120,1473243,APC2,1,0,0,0,0
chr19,1491180,1497926,REEP6,1,0,0,0,0
chr19,1609291,1652614,TCF3,1,0,0,0,1
chr19,1905398,1913446,ADAT3,1,0,0,0,0
chr19,2100987,2151565,AP3D1,1,0,0,0,0
chr19,2249322,2252072,AMH,1,0,0,0,0
chr19,2428164,2456957,LMNB2,1,0,0,0,0
chr19,2977562,2995177,TLE6,1,0,0,0,0
chr19,3094360,3123997,GNA11,1,0,0,0,0
chr19,3585476,3593539,GIPC3,1,0,0,0,0
chr19,3594505,3606873,TBXA2R,1,0,0,0,0
chr19,3630181,3700466,PIP5K1C,1,0,0,0,0
chr19,3769087,3772226,RAX2,1,0,0,0,0
chr19,3880683,3928080,ATCAY,1,0,0,0,0
chr19,3976054,3985461,EEF2,1,0,0,0,0
chr19,4090319,4124119,MAP2K2,1,0,0,0,0
chr19,4360367,4400544,SH3GL1,1,0,0,0,1
chr19,4542605,4559696,SEMA6B,1,0,0,0,0
chr19,4815944,4831724,TICAM1,1,0,0,0,0
chr19,5678433,5680527,MICOS13,1,0,0,0,0
chr19,5691845,5720463,LONP1,1,0,0,0,0
chr19,5830419,5839713,FUT6,1,0,0,0,1
chr19,5842899,5857133,FUT3,1,0,0,0,0
chr19,5891240,5903801,NDUFA11,1,0,0,0,0
chr19,6361542,6370253,CLPP,1,0,0,0,0
chr19,6494330,6502859,TUBB4A,1,0,0,0,1
chr19,6581659,6591161,CD70,1,0,0,0,0
chr19,6677715,6720661,C3,1,0,0,0,1
chr19,7112276,7294425,INSR,1,0,0,0,0
chr19,7413842,7537364,ARHGEF18,1,0,0,0,0
chr19,7587510,7598895,MCOLN1,1,1,0,1,0
chr19,7599050,7626653,PNPLA6,1,0,0,0,0
chr19,7694679,7696842,PET100,1,0,0,1,0
chr19,7694679,7712759,STXBP2,1,0,0,1,0
chr19,7733935,7735341,RETN,1,0,0,0,0
chr19,7804879,7812420,CD209,1,0,0,0,0
chr19,8367011,8373242,CD320,1,0,0,0,0
chr19,8386380,8388224,RPS28,1,0,0,0,0
chr19,8429039,8439254,ANGPTL4,1,0,0,0,0
chr19,8455244,8469318,RAB11B,1,0,0,0,0
chr19,8645124,8675600,ADAMTS10,1,0,0,0,0
chr19,10244022,10305629,DNMT1,1,0,0,0,0
chr19,10332109,10342007,S1PR2,1,0,0,0,0
chr19,10381796,10397291,ICAM1,1,0,0,0,0
chr19,10397631,10399196,ICAM4,1,0,0,0,0
chr19,10420721,10426691,FDX2,1,0,0,0,0
chr19,10461209,10491248,TYK2,1,0,0,0,0
chr19,10828755,10942579,DNM2,1,0,0,0,0
chr19,11071706,11172949,SMARCA4,1,0,0,0,0
chr19,11200139,11244496,LDLR,1,0,0,1,0
chr19,11274946,11308541,KANK2,1,0,0,0,0
chr19,11309971,11373200,DOCK6,1,0,0,0,0
chr19,11487883,11494990,EPOR,1,0,0,0,0
chr19,11531273,11546603,ODAD3,1,0,0,0,0
chr19,11546456,11561783,PRKCSH,1,0,0,0,0
chr19,11685475,11689790,ACP5,1,0,0,0,0
chr19,12757326,12777556,MAN2B1,1,0,0,1,0
chr19,12783284,12792694,DHPS,1,0,0,0,0
chr19,12917398,12924454,RNASEH2A,1,0,0,1,0
chr19,12949329,12985766,MAST1,1,0,0,0,0
chr19,12995236,12998015,KLF1,1,0,0,0,0
chr19,13001943,13010813,GCDH,1,1,0,1,0
chr19,13033293,13044525,FARSA,1,0,0,0,0
chr19,13049423,13055303,CALR,1,0,0,0,0
chr19,13106289,13209610,NFIX,1,0,0,0,0
chr19,13209847,13213672,LYL1,1,0,0,0,0
chr19,13215721,13227554,TRMT1,1,0,0,0,0
chr19,13229078,13251961,NACC1,1,0,0,0,0
chr19,13317256,13617293,CACNA1A,1,0,0,0,0
chr19,14017014,14041692,CC2D1A,1,0,0,1,0
chr19,14202500,14228574,PRKACA,1,0,0,0,0
chr19,14588574,14606939,GIPC1,1,0,0,0,0
chr19,14640372,14676792,TECR,1,0,0,0,1
chr19,14843204,14889372,ADGRE2,1,0,0,0,1
chr19,15160291,15169104,CASP14,1,0,0,0,0
chr19,15269849,15311806,NOTCH3,1,0,0,0,0
chr19,15619336,15663128,CYP4F22,1,0,0,0,0
chr19,17003762,17137620,CPAMD8,1,0,0,0,1
chr19,17186587,17324095,MYO9B,1,0,0,0,0
chr19,17445791,17453540,GTPBP3,1,0,0,0,0
chr19,17462264,17488151,PLVAP,1,0,0,0,0
chr19,17666458,17693966,COLGALT1,1,0,0,0,0
chr19,17858553,17899370,FCHO1,1,0,0,0,0
chr19,17927321,17932328,INSL3,1,0,0,0,0
chr19,17935591,17958791,JAK3,1,1,0,1,0
chr19,17982754,18005983,SLC5A5,1,0,0,1,0
chr19,18169805,18209626,IL12RB1,1,0,0,0,0
chr19,18263973,18281342,PIK3R2,1,0,0,0,0
chr19,18704047,18717609,CRLF1,1,0,0,0,0
chr19,18794490,18893143,CRTC1,1,0,0,0,0
chr19,18893583,18902114,COMP,1,0,0,0,0
chr19,18979354,19007791,CERS1,1,0,0,0,0
chr19,18979354,19006967,GDF1,1,0,0,0,0
chr19,19174803,19223839,SLC25A42,1,0,0,0,0
chr19,19303067,19312675,RFXANK,1,0,0,0,0
chr19,19627034,19639007,NDUFA13,1,0,0,0,0
chr19,29696227,29704058,UQCRFS1,1,0,0,0,1
chr19,30189793,30206696,C19orf12,1,0,0,0,0
chr19,33166754,33169206,RGS9BP,1,0,0,0,0
chr19,33321417,33360673,SLC7A9,1,0,0,0,0
chr19,33790840,33793440,CEBPA,1,0,0,0,0
chr19,33877856,34012697,PEPD,1,0,0,1,0
chr19,34112859,34264414,CHST8,1,0,0,0,0
chr19,34855645,34893318,GPI,1,0,0,0,0
chr19,35521374,35531353,SCN1B,1,0,0,0,0
chr19,35615417,35625963,LGI4,1,0,0,0,0
chr19,35773431,35776046,HAMP,1,0,0,1,0
chr19,35783064,35804710,MAG,1,0,0,0,0
chr19,36139225,36149684,COX6B1,1,0,0,0,0
chr19,36208905,36229779,KMT2B,1,0,0,0,0
chr19,36236552,36238420,PSENEN,1,0,0,0,0
chr19,36316274,36343406,NPHS1,1,1,0,1,0
chr19,36395305,36399197,TYROBP,1,0,0,0,0
chr19,36486090,36487214,SDHAF1,1,0,0,0,0
chr19,36494209,36499715,SYNE4,1,0,0,1,0
chr19,36545799,36596010,WDR62,1,0,0,0,0
chr19,38397848,38699009,SIPA1L3,1,0,0,0,0
chr19,38755213,38783255,SPINT2,1,0,0,0,0
chr19,38794198,38806587,YIF1B,1,0,0,0,0
chr19,38924331,39078204,RYR1,1,0,0,1,0
chr19,39138289,39222229,ACTN4,1,0,0,0,0
chr19,39405906,39421403,SARS2,1,0,0,0,0
chr19,39734095,39735890,IFNL3,1,0,0,0,1
chr19,39903309,39919055,PLEKHG2,1,0,0,0,0
chr19,39971478,39984419,TIMM50,1,0,0,0,0
chr19,39989587,39999109,DLL3,1,0,0,1,0
chr19,40315990,40324802,DYRK1B,1,0,0,0,0
chr19,40736224,40791252,AKT2,1,0,0,0,0
chr19,40854602,40884392,PLD3,1,0,0,0,0
chr19,40899671,40920696,PRX,1,0,0,0,0
chr19,40972908,41082370,SPTBN4,1,0,0,0,0
chr19,41099072,41135725,LTBP4,1,0,0,0,0
chr19,41197435,41222791,COQ8B,1,0,0,1,0
chr19,41349446,41356352,CYP2A6,1,0,0,0,0
chr19,41497187,41524303,CYP2B6,1,0,0,0,1
chr19,41836228,41859827,TGFB1,1,0,0,0,0
chr19,41860322,41870054,B9D2,1,0,0,1,0
chr19,41903723,41930907,BCKDHA,1,1,0,1,0
chr19,42364325,42376993,RPS19,1,0,0,0,0
chr19,42381349,42385439,CD79A,1,0,0,0,0
chr19,42387251,42434293,ARHGEF1,1,0,0,0,0
chr19,42470734,42498382,ATP1A3,1,0,0,0,0
chr19,42751721,42759280,ERF,1,0,0,0,0
chr19,42772682,42799948,CIC,1,0,0,0,0
chr19,42829787,42882917,MEGF8,1,0,0,0,0
chr19,42905666,42931540,LIPE,1,0,0,0,0
chr19,44010871,44031353,ETHE1,1,0,0,1,0
chr19,44047463,44079679,XRCC1,1,0,0,0,0
chr19,44232135,44259114,SMG9,1,0,0,0,0
chr19,44270685,44285125,KCNN4,1,0,0,0,0
chr19,45202421,45213990,CEACAM16,1,0,0,0,0
chr19,45251965,45263301,BCL3,1,0,0,0,0
chr19,45312316,45324678,BCAM,1,0,0,0,0
chr19,45409053,45412650,APOE,1,0,0,0,0
chr19,45449308,45452822,APOC2,1,0,0,0,0
chr19,45504722,45541450,RELB,1,0,0,0,0
chr19,45682042,45685058,BLOC1S3,1,0,0,1,0
chr19,45853095,45873831,ERCC2,1,1,0,1,0
chr19,45910592,45954805,ERCC1,1,0,0,0,0
chr19,45988552,46000305,RTN2,1,0,0,0,0
chr19,46030685,46088060,OPA3,1,0,0,1,0
chr19,46268043,46272510,SIX5,1,0,0,0,0
chr19,46272975,46285748,DMPK,1,0,0,0,0
chr19,46436992,46477123,NOVA2,1,0,0,0,0
chr19,46913586,46916821,CCDC8,1,0,0,0,0
chr19,47104331,47114039,CALM3,1,0,0,0,0
chr19,47249314,47261832,FKRP,1,1,0,1,0
chr19,47341424,47354103,AP2S1,1,0,0,0,0
chr19,47978407,47987476,KPTN,1,0,0,0,0
chr19,48325194,48346581,CRX,1,0,0,0,0
chr19,48706405,48759203,CARD8,1,0,0,0,0
chr19,48799709,48825228,ODAD1,1,0,0,0,0
chr19,48896925,48948188,GRIN2D,1,0,0,0,0
chr19,49055429,49102684,SULT2B1,1,0,0,0,0
chr19,49118588,49122435,RPL18,1,0,0,0,0
chr19,49199228,49209208,FUT2,1,0,0,0,0
chr19,49251268,49258615,FUT1,1,0,0,0,0
chr19,49298321,49314286,BCAT2,1,0,0,0,0
chr19,49458132,49465055,BAX,1,0,0,0,0
chr19,49468566,49470136,FTL,1,0,0,0,0
chr19,49471387,49496566,GYS1,1,0,0,0,0
chr19,49519237,49520348,LHB,1,0,0,0,0
chr19,49564385,49568292,NTF4,1,0,0,0,0
chr19,49661049,49715093,TRPM4,1,0,0,0,0
chr19,50162829,50169114,IRF3,1,0,0,0,0
chr19,50194105,50216988,CPT1C,1,0,0,0,0
chr19,50310123,50316549,FUZ,1,0,0,0,0
chr19,50321546,50343641,MED25,1,0,0,0,0
chr19,50364461,50370833,PNKP,1,0,0,0,0
chr19,50410082,50432761,NUP62,1,0,0,0,0
chr19,50706879,50813797,MYH14,1,0,0,0,0
chr19,50815194,50836793,KCNC3,1,0,0,0,0
chr19,50887580,50921275,POLD1,1,0,0,0,0
chr19,51293672,51298476,ACP4,1,0,0,0,0
chr19,51322402,51327043,KLK1,1,0,0,0,0
chr19,51409607,51414651,KLK4,1,0,0,0,0
chr19,51848409,51869642,ETFB,1,0,0,1,0
chr19,51883163,51891228,LIM2,1,0,0,0,0
chr19,52693305,52732771,PPP2R1A,1,0,0,0,0
chr19,54296838,54327657,NLRP12,1,0,0,0,0
chr19,54385451,54410906,PRKCG,1,0,0,0,0
chr19,54619134,54635144,PRPF31,1,0,0,0,0
chr19,54641478,54659419,CNOT3,1,0,0,0,0
chr19,54677109,54693431,MBOAT7,1,0,0,0,0
chr19,54694195,54698390,TSEN34,1,0,0,0,0
chr19,55327923,55342233,KIR3DL1,1,0,0,0,1
chr19,55434883,55477611,NLRP7,1,0,0,0,0
chr19,55525073,55549632,GP6,1,0,0,0,0
chr19,55644066,55660574,TNNT1,1,0,0,0,0
chr19,55663135,55669100,TNNI3,1,0,0,0,0
chr19,55670029,55678090,DNAAF3,1,0,0,0,0
chr19,57742391,57746916,AURKC,1,0,1,0,0
chr20,388943,412783,RBCK1,1,0,0,0,0
chr20,416124,443177,TBC1D20,1,0,0,0,0
chr20,453142,524434,CSNK2A1,1,0,0,0,0
chr20,740724,756628,SLC52A3,1,0,0,0,0
chr20,939095,982954,RSPO4,1,0,0,0,0
chr20,1959402,1974931,PDYN,1,0,0,0,0
chr20,2276647,2321725,TGM3,1,0,0,0,0
chr20,2361547,2413399,TGM6,1,0,0,0,0
chr20,2442288,2451435,SNRPB,1,0,0,0,1
chr20,2633278,2639039,NOP56,1,0,0,0,0
chr20,2639041,2644862,IDH3B,1,0,0,0,0
chr20,3063202,3065370,AVP,1,0,0,0,0
chr20,3170996,3185328,DDRGK1,1,0,0,0,0
chr20,3184711,3208095,ITPA,1,0,0,0,0
chr20,3208063,3220205,SLC4A11,1,0,0,1,0
chr20,3869428,3910534,PANK2,1,0,0,1,0
chr20,4667102,4682234,PRNP,1,0,0,0,0
chr20,5095599,5107268,PCNA,1,0,0,0,0
chr20,5279864,5297600,PROKR2,1,0,0,0,0
chr20,5931298,5979623,MCM8,1,0,0,0,0
chr20,6055492,6103677,FERMT1,1,0,0,0,0
chr20,6748333,6760893,BMP2,1,0,0,0,0
chr20,8112913,8865547,PLCB1,1,0,0,0,0
chr20,9049325,9461455,PLCB4,1,0,0,0,0
chr20,10199478,10288066,SNAP25,1,0,0,0,0
chr20,10381657,10414870,MKKS,1,0,0,1,0
chr20,10618332,10654647,JAG1,1,0,0,0,0
chr20,13370041,13619579,TASP1,1,0,0,0,0
chr20,13765674,13802226,NDUFAF5,1,0,0,1,0
chr20,14303631,14318258,FLRT3,1,0,0,0,0
chr20,17474550,17549865,BFSP1,1,0,0,0,0
chr20,17949661,17971765,MGME1,1,0,0,0,0
chr20,18004796,18039832,OVOL2,1,0,0,0,1
chr20,18118507,18123813,PET117,1,0,0,0,0
chr20,18488192,18542059,SEC23B,1,0,0,1,0
chr20,19738902,19983100,RIN2,1,0,0,0,0
chr20,21106616,21227260,KIZ,1,0,0,0,0
chr20,21686302,21699119,PAX1,1,0,0,0,0
chr20,23026270,23030309,THBD,1,0,0,0,0
chr20,23342819,23353699,GZF1,1,0,0,0,0
chr20,23607343,23618592,CST3,1,0,0,0,0
chr20,25051516,25062777,VSX1,1,0,0,0,0
chr20,25275379,25371471,ABHD12,1,0,0,0,0
chr20,25388309,25429199,GINS1,1,0,0,0,0
chr20,30225715,30232809,COX4I2,1,0,0,0,0
chr20,30407159,30422487,MYLK2,1,0,0,0,0
chr20,30795683,30826461,POFUT1,1,0,0,0,0
chr20,30865454,30922814,KIF3B,1,0,0,0,0
chr20,30946134,31027122,ASXL1,1,0,0,0,0
chr20,31350191,31397162,DNMT3B,1,0,0,1,0
chr20,31571581,31592239,SUN5,1,0,0,0,0
chr20,31995763,32031569,SNTA1,1,0,0,0,0
chr20,32319802,32380075,ZNF341,1,0,0,0,0
chr20,32399154,32442172,CHMP4B,1,0,0,0,1
chr20,32782368,32857150,ASIP,1,0,0,0,1
chr20,32868074,32899608,AHCY,1,0,0,0,0
chr20,32951079,33099578,ITCH,1,0,0,0,0
chr20,33148346,33264896,PIGU,1,0,0,0,1
chr20,33516235,33543830,GSS,1,0,0,1,0
chr20,34021145,34042571,GDF5,1,0,0,1,0
chr20,34043419,34107108,CEP250,1,0,0,0,0
chr20,34236847,34252822,RBM12,1,0,0,0,0
chr20,34679336,34820721,EPB41L1,1,0,0,0,0
chr20,35518176,35580111,SAMHD1,1,0,0,1,0
chr20,35879489,35890217,GHRH,1,0,0,0,0
chr20,35973102,36034453,SRC,1,0,0,0,0
chr20,39314488,39317876,MAFB,1,0,0,0,0
chr20,39657462,39753127,TOP1,1,0,0,0,0
chr20,42219577,42275939,IFT52,1,0,0,0,0
chr20,42735230,42815828,JPH2,1,0,0,0,0
chr20,42931480,42939842,FITM2,1,0,0,0,0
chr20,42984339,43063236,HNF4A,1,0,0,0,0
chr20,43248163,43280340,ADA,1,0,0,1,0
chr20,43595153,43708662,STK4,1,0,0,0,0
chr20,44044781,44054881,PIGT,1,0,0,0,0
chr20,44519974,44527459,CTSA,1,0,0,1,0
chr20,44527259,44540794,PLTP,1,0,0,0,0
chr20,44577299,44600842,ZNF335,1,0,0,0,0
chr20,44637547,44645200,MMP9,1,0,0,0,0
chr20,44650325,44688789,SLC12A5,1,0,0,0,0
chr20,44746953,44758497,CD40,1,0,0,1,0
chr20,44994689,45035254,ELMO2,1,0,0,0,1
chr20,45186467,45313124,SLC13A3,1,0,0,0,0
chr20,45313004,45318083,TP53RK,1,0,0,0,0
chr20,45338288,45364986,SLC2A10,1,0,0,0,0
chr20,47538248,47653230,ARFGEF2,1,0,0,0,0
chr20,47980414,48099205,KCNB1,1,0,0,0,0
chr20,48120411,48184674,PTGIS,1,0,0,0,0
chr20,49126920,49201778,PTPN1,1,0,0,0,0
chr20,49505455,49547974,ADNP,1,0,0,0,0
chr20,49551392,49575101,DPM1,1,0,0,0,0
chr20,50398870,50419060,SALL4,1,0,0,0,0
chr20,52769985,52790525,CYP24A1,1,0,0,0,0
chr20,54823788,54824871,MC3R,1,0,0,0,0
chr20,54944446,54967271,AURKA,1,0,0,0,1
chr20,56136166,56143177,PCK1,1,0,0,0,0
chr20,56964285,57026157,VAPB,1,0,0,0,0
chr20,57226339,57254582,STX16,1,0,0,0,0
chr20,57393973,57425957,GNAS-AS1,1,0,0,0,0
chr20,57414803,57486247,GNAS,1,0,1,0,0
chr20,57594484,57601709,TUBB1,1,0,0,0,0
chr20,57600530,57607390,ATP5F1E,1,0,0,0,0
chr20,57875666,57901047,EDN3,1,0,0,0,0
chr20,58438626,58508692,SYCP2,1,0,0,0,0
chr20,60813577,60871239,OSBPL2,1,0,0,0,0
chr20,61038553,61051051,GATA5,1,0,0,0,0
chr20,61448402,61472511,COL9A3,1,0,0,0,0
chr20,61584061,61600937,SLC17A9,1,0,0,0,0
chr20,61974575,61992701,CHRNA4,1,0,0,0,0
chr20,62031561,62104008,KCNQ2,1,0,0,0,0
chr20,62119367,62130436,EEF1A2,1,0,0,0,0
chr20,62289163,62327606,RTEL1,1,0,0,1,1
chr20,62526479,62567364,DNAJC5,1,0,0,0,0
chr20,62612485,62664453,PRPF6,1,0,0,0,0
chr20,62678935,62680992,SOX18,1,0,0,0,0
chr21,16333556,16437321,NRIP1,1,0,0,0,0
chr21,19641433,19858202,TMPRSS15,1,0,0,0,0
chr21,27011570,27089874,JAM2,1,0,0,0,1
chr21,27252861,27543446,APP,1,0,0,0,0
chr21,33032006,33041244,SOD1,1,0,0,0,0
chr21,33664124,33687095,MRAP,1,0,0,0,0
chr21,33971664,33984687,CFAP298,1,0,0,0,0
chr21,34001073,34100705,SYNJ1,1,0,0,0,0
chr21,34602243,34637969,IFNAR2,1,0,0,0,0
chr21,34638672,34682487,IL10RB,1,0,0,0,0
chr21,34775188,34809823,IFNGR2,1,0,0,0,0
chr21,34915344,34949787,SON,1,0,0,0,0
chr21,34949857,34960990,DONSON,1,0,0,0,0
chr21,35736305,35743680,KCNE2,1,0,0,0,0
chr21,35818986,35884508,KCNE1,1,0,0,0,1
chr21,36160098,36421599,RUNX1,1,0,0,0,1
chr21,37832919,37948867,CLDN14,1,0,0,0,1
chr21,38120926,38362511,HLCS,1,0,0,1,0
chr21,38437664,38445371,PIGP,1,0,0,0,1
chr21,38737875,38898660,DYRK1A,1,0,0,0,0
chr21,38979675,39288760,KCNJ6,1,0,0,0,0
chr21,43159533,43187212,RIPK4,1,0,0,0,0
chr21,43791999,43816161,TMPRSS3,1,0,0,1,0
chr21,43892596,43916334,RSPH1,1,0,0,0,0
chr21,44263204,44299699,WDR4,1,0,0,0,0
chr21,44473301,44496983,CBS,1,1,0,1,1
chr21,44589118,44592920,CRYAA,1,0,0,0,1
chr21,44834363,44847011,SIK1,1,0,0,0,1
chr21,45139010,45182180,PDXK,1,0,0,0,0
chr21,45193831,45196189,CSTB,1,0,0,0,0
chr21,45705759,45718531,AIRE,1,1,0,1,0
chr21,45719936,45747256,PFKL,1,0,0,0,0
chr21,45748827,45759273,CFAP410,1,0,0,0,0
chr21,45917776,46131487,TSPEAR,1,0,0,0,1
chr21,46305868,46348730,ITGB2,1,0,0,0,0
chr21,46494493,46646478,ADARB1,1,0,0,0,0
chr21,46825080,46933634,COL18A1,1,0,0,0,0
chr21,47401684,47424962,COL6A1,1,0,0,0,0
chr21,47518026,47552762,COL6A2,1,0,0,0,0
chr21,47556176,47575493,FTCD,1,0,0,1,0
chr21,47608360,47648688,LSS,1,0,0,0,0
chr21,47655047,47705525,MCM3AP,1,0,0,0,0
chr21,47744070,47865682,PCNT,1,0,0,1,0
chr22,17565890,17596583,IL17RA,1,0,0,0,0
chr22,17659680,17702738,ADA2,1,0,0,0,0
chr22,18074902,18111588,ATP6V1E1,1,0,0,0,1
chr22,18560756,18588162,PEX26,1,0,0,1,0
chr22,18593575,18614499,TUBA8,1,0,0,0,0
chr22,18632937,18660164,USP18,1,0,0,0,1
chr22,18900294,18924066,PRODH,1,0,0,0,1
chr22,19163094,19166249,SLC25A1,1,0,0,0,0
chr22,19466989,19508135,CDC45,1,0,0,0,0
chr22,19711062,19712294,GP1BB,1,0,0,0,0
chr22,19744226,19771116,TBX1,1,0,0,0,0
chr22,19863045,19929341,TXNRD2,1,0,0,0,0
chr22,19929295,19957498,COMT,1,0,0,0,0
chr22,20004546,20054687,TANGO2,1,0,0,1,0
chr22,20228938,20255841,RTN4R,1,0,0,0,0
chr22,20778874,20792112,SCARF2,1,0,0,0,0
chr22,21061979,21213099,PI4KA,1,0,0,0,1
chr22,21128401,21142008,SERPIND1,1,0,0,0,0
chr22,21213295,21245502,SNAP29,1,0,0,1,0
chr22,21336586,21353321,LZTR1,1,0,0,0,0
chr22,21562265,21613973,GGT2P,1,0,0,0,0
chr22,22113946,22221970,MAPK1,1,0,0,0,0
chr22,23522696,23660224,BCR,1,0,0,0,1
chr22,23915312,23922477,IGLL1,1,0,0,0,0
chr22,24108021,24110159,CHCHD10,1,0,0,0,0
chr22,24129153,24180196,SMARCB1,1,0,0,0,0
chr22,24236570,24237410,MIF,1,0,0,0,0
chr22,24666799,24813706,SPECC1L,1,0,0,0,0
chr22,24891300,24924358,UPB1,1,0,0,1,0
chr22,24979718,25024963,GGT1,1,0,0,0,0
chr22,25595825,25603326,CRYBB3,1,0,0,0,0
chr22,25615606,25627836,CRYBB2,1,0,0,0,1
chr22,26138155,26427011,MYO18B,1,0,0,0,0
chr22,26839075,26879829,HPS4,1,0,0,1,0
chr22,26995242,27013991,CRYBB1,1,0,0,0,0
chr22,27017927,27026633,CRYBA4,1,0,0,0,0
chr22,27042393,27072441,MIAT,1,0,0,0,0
chr22,28144265,28197744,MN1,1,0,0,0,0
chr22,29083731,29137822,CHEK2,1,0,0,0,0
chr22,29190548,29196557,XBP1,1,0,0,0,1
chr22,29469023,29564321,KREMEN1,1,0,0,0,0
chr22,29664257,29696511,EWSR1,1,0,0,0,0
chr22,29723669,29784559,AP1B1,1,0,0,0,1
chr22,29876207,29887379,NEFH,1,0,0,0,1
chr22,29999545,30094589,NF2,1,0,0,0,0
chr22,31003161,31023258,TCN2,1,0,0,1,0
chr22,31321117,31364760,MORC2,1,0,0,0,0
chr22,32014477,32058550,PISD,1,0,0,0,0
chr22,32149954,32304019,DEPDC5,1,0,0,0,0
chr22,32439248,32509016,SLC5A1,1,0,0,0,0
chr22,32870798,32894816,FBXO7,1,0,0,1,0
chr22,33197691,33259028,TIMP3,1,0,0,0,0
chr22,33668495,34318812,LARGE1,1,0,0,1,0
chr22,35777089,35790200,HMOX1,1,0,0,1,0
chr22,35796133,35821424,MCM5,1,0,0,0,0
chr22,36585176,36600879,APOL4,1,0,0,0,0
chr22,36622255,36636000,APOL2,1,0,0,0,0
chr22,36649179,36663571,APOL1,1,0,0,0,0
chr22,36677326,36784012,MYH9,1,0,0,0,0
chr22,36863093,36877687,TXN2,1,0,0,0,0
chr22,36956904,37099797,CACNG2,1,0,0,0,0
chr22,37154255,37172163,IFT27,1,0,0,0,0
chr22,37257048,37274057,NCF4,1,0,0,0,0
chr22,37309670,37336481,CSF2RB,1,0,0,0,1
chr22,37447782,37459430,KCTD17,1,0,0,0,0
chr22,37461476,37505753,TMPRSS6,1,0,0,0,0
chr22,37521878,37571158,IL2RB,1,0,0,0,0
chr22,37621310,37640309,RAC2,1,0,0,0,0
chr22,37966255,37976094,LGALS2,1,0,0,0,0
chr22,38093055,38172563,TRIOBP,1,0,0,0,0
chr22,38368319,38380562,SOX10,1,0,0,0,0
chr22,38507502,38577837,PLA2G6,1,0,0,1,0
chr22,39174513,39190148,DNAL4,1,0,0,0,0
chr22,39619364,39640987,PDGFB,1,0,0,0,0
chr22,40742504,40783531,ADSL,1,0,0,0,0
chr22,40806293,41032723,MRTFA,1,0,0,0,0
chr22,41253152,41328819,XPNPEP3,1,0,0,0,0
chr22,41488596,41576081,EP300,1,0,0,0,0
chr22,41865121,41924978,ACO2,1,0,0,0,0
chr22,42095507,42195458,MEI1,1,0,0,0,0
chr22,42318036,42322810,TNFRSF13C,1,0,0,0,0
chr22,42454338,42466846,NAGA,1,1,0,1,0
chr22,42481530,42486776,NDUFA6,1,0,0,0,0
chr22,42522501,42526812,CYP2D6,1,0,0,0,1
chr22,42556019,42679933,TCF20,1,0,0,0,0
chr22,43013846,43045398,CYB5R3,1,0,0,0,0
chr22,43088127,43117307,A4GALT,1,0,0,0,0
chr22,45898763,45997015,FBLN1,1,0,0,0,0
chr22,46067714,46241187,ATXN10,1,0,0,0,0
chr22,46546429,46639653,PPARA,1,0,0,0,0
chr22,46731611,46753237,TRMU,1,0,0,1,0
chr22,50293877,50312086,ALG12,1,0,0,0,0
chr22,50497820,50524304,MLC1,1,1,0,1,0
chr22,50656123,50683452,TUBGCP6,1,0,0,1,0
chr22,50883429,50913464,SBF1,1,0,0,0,1
chr22,50961997,50964871,SCO2,1,1,0,1,0
chr22,50964181,50968514,TYMP,1,0,0,1,0
chr22,51017392,51021278,CHKB,1,0,0,0,0
chr22,51061182,51066580,ARSA,1,1,0,1,0
chr22,51111251,51171640,SHANK3,1,0,0,0,0
chr22,51176632,51183767,ACR,1,0,0,0,1
chrX,585079,620146,SHOX,1,0,0,0,1
chrX,1387707,1444111,CSF2RA,1,0,0,0,1
chrX,2670081,2734541,XG,1,0,0,0,1
chrX,2852562,2886286,ARSL,1,0,0,1,0
chrX,5808083,6146908,NLGN4X,1,0,0,0,1
chrX,7065331,7272682,STS,1,0,0,0,1
chrX,8496915,8700178,ANOS1,1,0,0,0,0
chrX,9431335,9687780,TBL1X,1,0,0,0,1
chrX,9693386,9733887,GPR143,1,0,0,1,1
chrX,10125015,10205700,CLCN4,1,0,0,0,0
chrX,10413350,10851802,MID1,1,1,0,1,0
chrX,11129452,11141206,HCCS,1,0,0,0,0
chrX,11311533,11318881,AMELX,1,0,0,0,0
chrX,11776278,11793891,MSL3,1,0,0,0,1
chrX,11840558,12742642,FRMPD4,1,0,0,0,0
chrX,12885191,12908480,TLR7,1,0,0,0,0
chrX,13730364,13752739,TRAPPC2,1,0,0,0,1
chrX,13752867,13787476,OFD1,1,0,0,0,1
chrX,14813750,14891191,FANCB,1,0,0,1,0
chrX,15337573,15353676,PIGA,1,0,0,0,0
chrX,15843929,15872936,AP1S2,1,0,0,1,1
chrX,17393323,17754114,NHS,1,0,0,0,0
chrX,18443728,18671749,CDKL5,1,0,0,0,0
chrX,18657808,18690228,RS1,1,1,0,1,0
chrX,18910416,19002232,PHKA2,1,0,0,0,0
chrX,19007425,19140586,ADGRG2,1,0,0,0,0
chrX,19362045,19379836,PDHA1,1,0,0,1,0
chrX,19552095,19905718,SH3KBP1,1,0,0,0,0
chrX,20168029,20285027,RPS6KA3,1,0,0,0,0
chrX,21392536,21672807,CNKSR2,1,0,0,0,0
chrX,21724096,21776234,SMPX,1,0,0,0,0
chrX,21857735,21903541,MBTPS2,1,0,0,0,0
chrX,21958827,22012955,SMS,1,0,0,0,0
chrX,22050443,22269427,PHEX,1,0,0,0,0
chrX,23352966,23422491,PTCHD1,1,0,0,0,0
chrX,24001837,24045303,KLHL15,1,0,0,0,0
chrX,24073073,24096927,EIF2S3,1,0,0,0,0
chrX,24483403,24568583,PDK3,1,0,0,0,0
chrX,24712035,25015103,POLA1,1,0,0,0,0
chrX,25021811,25034082,ARX,1,1,0,1,0
chrX,28605563,29974835,IL1RAPL1,1,0,0,1,0
chrX,30322323,30327507,NR0B1,1,1,0,1,0
chrX,30671540,30749579,GK,1,0,0,0,0
chrX,31137339,33357505,DMD,1,1,0,1,0
chrX,35937851,36403432,CFAP47,1,0,0,0,0
chrX,37545044,37591383,XK,1,0,0,0,0
chrX,37639312,37672714,CYBB,1,0,0,1,0
chrX,38128416,38186762,RPGR,1,1,0,1,0
chrX,38186937,38282181,OTC,1,1,0,1,0
chrX,38420795,38548172,TSPAN7,1,0,0,0,0
chrX,39910499,40036582,BCOR,1,0,0,0,1
chrX,40440222,40466100,ATP6AP2,1,0,0,0,0
chrX,40944698,41095832,USP9X,1,0,0,0,0
chrX,41192561,41223725,DDX3X,1,0,0,0,0
chrX,41306596,41334905,NYX,1,0,0,0,0
chrX,41374187,41782807,CASK,1,0,0,0,1
chrX,43514254,43606064,MAOA,1,0,0,0,0
chrX,43808022,43832636,NDP,1,0,0,1,0
chrX,44732434,44972024,KDM6A,1,0,0,0,0
chrX,46458686,46618553,SLC9A7,1,0,0,0,1
chrX,46696478,46741793,RP2,1,0,0,1,0
chrX,47001615,47004890,NDUFB11,1,0,0,0,1
chrX,47004620,47046212,RBM10,1,0,0,0,0
chrX,47050246,47074527,UBA1,1,0,0,1,0
chrX,47431300,47479256,SYN1,1,0,0,1,0
chrX,47482681,47489704,CFP,1,0,0,0,0
chrX,48114827,48126879,SSX1,1,0,0,0,0
chrX,48334409,48344752,FTSJ1,1,0,0,1,0
chrX,48367380,48379202,PORCN,1,0,0,0,0
chrX,48380196,48387104,EBP,1,0,0,0,0
chrX,48542188,48549818,WAS,1,0,0,1,0
chrX,48644998,48652718,GATA1,1,0,0,0,0
chrX,48659805,48683392,HDAC6,1,0,0,0,0
chrX,48755213,48760420,PQBP1,1,0,0,1,1
chrX,48760460,48769235,SLC35A2,1,0,0,0,0
chrX,48779301,48815643,OTUD5,1,0,0,0,0
chrX,48886237,48900883,TFE3,1,0,0,0,0
chrX,48932101,48958116,WDR45,1,0,0,0,1
chrX,49031151,49042826,PRICKLE3,1,0,0,0,0
chrX,49044268,49056652,SYP,1,0,0,0,0
chrX,49061523,49089802,CACNA1F,1,0,0,0,0
chrX,49091930,49106981,CCDC22,1,0,0,0,0
chrX,49106899,49121172,FOXP3,1,0,0,1,0
chrX,49644087,49647162,USP27X,1,0,0,0,0
chrX,49687206,49863887,CLCN5,1,0,0,1,0
chrX,50329796,50557194,SHROOM4,1,0,0,0,0
chrX,50653735,50659641,BMP15,1,0,1,0,0
chrX,52725946,52736277,SSX2,1,0,0,0,1
chrX,53205459,53254389,KDM5C,1,0,0,1,0
chrX,53262058,53350548,IQSEC2,1,0,0,0,0
chrX,53401070,53449677,SMC1A,1,0,0,0,0
chrX,53458206,53461323,HSD17B10,1,0,0,1,0
chrX,53559057,53713664,HUWE1,1,0,0,0,0
chrX,53963113,54071569,PHF8,1,0,0,1,0
chrX,54466837,54474465,TSR2,1,0,0,0,0
chrX,54471887,54522667,FGD1,1,0,0,0,0
chrX,54834178,54842448,MAGED2,1,0,0,0,0
chrX,55035488,55057410,ALAS2,1,0,0,0,0
chrX,56590060,56594301,UBQLN2,1,0,0,0,0
chrX,62854847,63005094,ARHGEF9,1,0,0,0,0
chrX,63404997,63425588,AMER1,1,0,0,0,0
chrX,64135687,64254621,ZC4H2,1,0,0,0,0
chrX,64732462,64754667,LAS1L,1,0,0,0,0
chrX,64887521,64961793,MSN,1,0,0,0,1
chrX,66763863,66950461,AR,1,0,1,1,0
chrX,67262186,67653337,OPHN1,1,0,0,1,0
chrX,68048864,68062003,EFNB1,1,0,0,0,0
chrX,68835957,69259322,EDA,1,0,0,1,0
chrX,69353297,69386174,IGBP1,1,0,0,0,0
chrX,69488184,69501690,ARR3,1,0,0,0,0
chrX,69509954,69640736,KIF4A,1,0,0,0,0
chrX,69664685,69725340,DLG3,1,0,0,1,0
chrX,69748790,70128561,TEX11,1,0,0,0,0
chrX,70327254,70331427,IL2RG,1,1,0,1,0
chrX,70338446,70362300,MED12,1,0,0,0,0
chrX,70364691,70391051,NLGN3,1,0,0,0,0
chrX,70435089,70445366,GJB1,1,0,0,1,0
chrX,70503485,70521018,NONO,1,0,0,0,1
chrX,70586207,70750375,TAF1,1,0,0,0,0
chrX,70752954,70795742,OGT,1,0,0,0,0
chrX,71549366,71792693,HDAC8,1,0,0,0,0
chrX,71798664,71934154,PHKA1,1,0,0,0,1
chrX,73040491,73072549,XIST,1,0,0,0,0
chrX,73641328,73753751,SLC16A2,1,0,0,1,0
chrX,73802811,73834459,RLIM,1,0,0,0,0
chrX,73952691,74145287,NEXMIF,1,0,0,0,0
chrX,74270883,74376118,ABCB7,1,0,0,0,0
chrX,76709643,76712769,FGF16,1,0,0,0,0
chrX,76760358,77041702,ATRX,1,0,0,1,0
chrX,77081244,77151065,MAGT1,1,0,0,0,0
chrX,77154965,77162873,COX7B,1,0,0,0,1
chrX,77166190,77305892,ATP7A,1,0,0,1,0
chrX,77359745,77384792,PGK1,1,0,0,1,1
chrX,79270252,79287273,TBX22,1,0,0,0,0
chrX,79925002,80065376,BRWD3,1,0,0,1,0
chrX,82763298,82767135,POU3F4,1,0,0,1,0
chrX,84498997,84528363,ZNF711,1,0,0,1,0
chrX,84532402,84634670,POF1B,1,0,0,0,0
chrX,85116185,85302562,CHM,1,0,0,1,0
chrX,95939841,96859996,DIAPH2,1,0,0,0,0
chrX,99546642,99665271,PCDH19,1,0,0,0,0
chrX,99899196,99930785,SRPX2,1,0,0,0,0
chrX,100600649,100603730,TIMM8A,1,0,0,0,1
chrX,100604438,100645784,BTK,1,0,0,1,0
chrX,100652791,100662913,GLA,1,1,0,1,0
chrX,100663210,100669121,HNRNPH2,1,0,0,0,0
chrX,101967376,101972661,GPRASP2,1,0,0,0,0
chrX,103031434,103047548,PLP1,1,1,0,1,0
chrX,105276426,105282718,SERPINA7,1,0,0,0,1
chrX,106045903,106119380,TBC1D8B,1,0,0,0,0
chrX,106449841,106487477,DNAAF6,1,0,0,0,0
chrX,106871740,106894256,PRPS1,1,0,0,1,0
chrX,107068965,107174867,MID2,1,0,0,0,0
chrX,107398844,107682688,COL4A6,1,0,0,0,0
chrX,107683068,107940775,COL4A5,1,1,0,1,0
chrX,107963176,107979793,IRS4,1,0,0,0,0
chrX,108884564,108976486,ACSL4,1,0,0,0,0
chrX,109437414,109683461,AMMECR1,1,0,0,0,0
chrX,109917084,110039045,CHRDL1,1,0,0,0,0
chrX,110187625,110470589,PAK3,1,0,0,1,0
chrX,110537007,110655420,DCX,1,0,0,1,0
chrX,110924398,111003877,ALG13,1,0,0,1,0
chrX,114795501,114885181,PLS3,1,0,0,0,0
chrX,118672112,118699372,STEEP1,1,0,0,0,0
chrX,118708526,118718386,UBE2A,1,0,0,0,0
chrX,118967985,118986926,UPF3B,1,0,0,1,0
chrX,119004438,119005696,RNF113A,1,0,0,0,0
chrX,119005795,119010625,NDUFA1,1,0,0,0,0
chrX,119054635,119077714,NKAP,1,0,0,0,1
chrX,119560003,119603204,LAMP2,1,0,0,0,0
chrX,119657713,119709387,CUL4B,1,0,0,1,0
chrX,119759529,119763909,C1GALT1C1,1,0,0,0,0
chrX,120181464,120183948,GLUD2,1,0,0,0,0
chrX,122318131,122624766,GRIA3,1,0,0,0,0
chrX,122734420,122866902,THOC2,1,0,0,1,1
chrX,122993558,123047822,XIAP,1,0,0,0,1
chrX,123094410,123236506,STAG2,1,0,0,0,1
chrX,123480413,123507010,SH2D1A,1,0,0,0,0
chrX,128674236,128726533,OCRL,1,0,0,1,0
chrX,128872955,128903512,XPNPEP2,1,0,0,0,0
chrX,128937264,128977862,ZDHHC9,1,0,0,1,0
chrX,129114955,129192046,BCORL1,1,0,0,0,0
chrX,129263337,129299815,AIFM1,1,0,0,1,1
chrX,130407480,130423280,IGSF1,1,0,0,0,0
chrX,131211018,131262048,FRMD7,1,0,0,0,0
chrX,131760043,132095398,HS6ST2,1,0,0,0,0
chrX,132434131,132549517,GPC4,1,0,0,0,0
chrX,132669773,133119621,GPC3,1,0,0,0,0
chrX,133507342,133562820,PHF6,1,0,0,0,0
chrX,133594195,133634698,HPRT1,1,0,0,1,0
chrX,135055996,135129428,SLC9A6,1,0,0,0,0
chrX,135228861,135293518,FHL1,1,0,0,1,0
chrX,135730317,135742549,CD40LG,1,0,0,1,0
chrX,135951351,135962884,RBMX,1,0,0,0,0
chrX,136106088,136116154,GPR101,1,0,0,0,0
chrX,136648286,136659850,ZIC3,1,0,0,1,0
chrX,137696888,138287185,FGF13,1,0,0,0,0
chrX,138612898,138645618,F9,1,1,0,1,0
chrX,138808507,139015212,ATP11C,1,0,0,0,0
chrX,139585150,139587234,SOX3,1,0,0,0,0
chrX,146993437,147032645,FMR1,1,1,1,1,0
chrX,147582137,148082193,AFF2,1,1,0,1,0
chrX,148558519,148586836,IDS,1,1,0,1,1
chrX,149529839,149682443,MAMLD1,1,0,0,0,0
chrX,149737071,149841616,MTM1,1,0,0,1,0
chrX,150148980,150159244,HMGB3,1,0,0,0,0
chrX,150565067,150577836,VMA21,1,0,0,0,0
chrX,151999607,152038273,NSDHL,1,0,0,0,0
chrX,152760438,152775004,BGN,1,0,0,0,0
chrX,152783100,152848387,ATP2B3,1,0,0,0,0
chrX,152853383,152864595,CCNQ,1,0,0,0,0
chrX,152953381,152962048,SLC6A8,1,1,0,1,0
chrX,152965947,152989842,BCAP31,1,0,0,0,0
chrX,152990311,153010209,ABCD1,1,1,0,1,1
chrX,153059614,153063967,SSR4,1,0,0,0,0
chrX,153126969,153151627,L1CAM,1,1,0,1,0
chrX,153168079,153172620,AVPR2,1,0,0,1,0
chrX,153194678,153200490,NAA10,1,0,0,0,0
chrX,153213008,153237269,HCFC1,1,0,0,1,0
chrX,153287024,153363174,MECP2,1,0,0,1,0
chrX,153409717,153424507,OPN1LW,1,0,0,0,1
chrX,153448085,153462352,OPN1MW,1,0,0,0,1
chrX,153576899,153603002,FLNA,1,0,0,0,0
chrX,153607655,153609883,EMD,1,0,0,1,0
chrX,153626406,153630680,RPL10,1,0,0,0,1
chrX,153639875,153650065,TAFAZZIN,1,0,0,1,0
chrX,153657023,153664862,ATP6AP1,1,0,0,0,0
chrX,153665500,153671814,GDI1,1,0,0,0,0
chrX,153672488,153679002,FAM50A,1,0,0,0,0
chrX,153706114,153707620,LAGE3,1,0,0,0,1
chrX,153759605,153775784,G6PD,1,1,0,1,0
chrX,153769453,153793261,IKBKG,1,0,0,0,1
chrX,153991139,154005964,DKC1,1,0,0,1,0
chrX,154064067,154250998,F8,1,1,0,1,1
chrX,154487520,154493776,RAB39B,1,0,0,0,0
chrX,154505500,154563923,CLIC2,1,0,0,0,0
chrX,154718672,154842613,TMLHE,1,0,0,0,1
chrY,2654896,2655723,SRY,1,0,1,0,0
chrY,6778738,6959724,TBL1Y,1,0,0,0,1
chrY,14813160,14972764,USP9Y,1,0,1,0,1
